round,client_id,weights,dominant_head_id,entropy
1,12162-0,"[0.1666666716337204, 0.1666666716337204, 0.1666666716337204, 0.1666666716337204, 0.1666666716337204, 0.1666666716337204]",0,1.791759729385376
1,12163-0,"[0.1666666716337204, 0.1666666716337204, 0.1666666716337204, 0.1666666716337204, 0.1666666716337204, 0.1666666716337204]",0,1.791759729385376
1,12164-0,"[0.1666666716337204, 0.1666666716337204, 0.1666666716337204, 0.1666666716337204, 0.1666666716337204, 0.1666666716337204]",0,1.791759729385376
1,12165-0,"[0.1666666716337204, 0.1666666716337204, 0.1666666716337204, 0.1666666716337204, 0.1666666716337204, 0.1666666716337204]",0,1.791759729385376
1,12166-0,"[0.1666666716337204, 0.1666666716337204, 0.1666666716337204, 0.1666666716337204, 0.1666666716337204, 0.1666666716337204]",0,1.791759729385376
1,12167-0,"[0.1666666716337204, 0.1666666716337204, 0.1666666716337204, 0.1666666716337204, 0.1666666716337204, 0.1666666716337204]",0,1.791759729385376
2,12162-0,"[0.08326879143714905, 0.18054664134979248, 0.1510978490114212, 0.2273045927286148, 0.16935668885707855, 0.18842540681362152]",3,1.753552794456482
2,12163-0,"[0.17900434136390686, 0.11435362696647644, 0.26574453711509705, 0.1766504943370819, 0.11507732421159744, 0.14916972815990448]",2,1.7469639778137207
2,12164-0,"[0.05517058074474335, 0.20827634632587433, 0.12831325829029083, 0.1894904226064682, 0.19016006588935852, 0.22858937084674835]",5,1.7182775735855103
2,12165-0,"[0.3740236759185791, 0.06216493248939514, 0.25194090604782104, 0.13701657950878143, 0.08458245545625687, 0.0902714878320694]",0,1.586195707321167
2,12166-0,"[0.040115825831890106, 0.24136225879192352, 0.10386158525943756, 0.19171254336833954, 0.20303313434123993, 0.21991464495658875]",1,1.6807528734207153
2,12167-0,"[0.05546325072646141, 0.2063106745481491, 0.10620623081922531, 0.18273372948169708, 0.24525879323482513, 0.20402731001377106]",4,1.7037861347198486
3,12162-0,"[0.16992251574993134, 0.16246934235095978, 0.17445017397403717, 0.16683945059776306, 0.16227546334266663, 0.16404306888580322]",2,1.7914164066314697
3,12163-0,"[0.22801153361797333, 0.14265508949756622, 0.18452279269695282, 0.1537409871816635, 0.1442103385925293, 0.146859273314476]",0,1.775575041770935
3,12164-0,"[0.14749698340892792, 0.17086468636989594, 0.16919291019439697, 0.17148157954216003, 0.16969628632068634, 0.17126747965812683]",3,1.7903814315795898
3,12165-0,"[0.295041561126709, 0.12283548712730408, 0.18676504492759705, 0.1385670155286789, 0.12802906334400177, 0.12876178324222565]",0,1.7320501804351807
3,12166-0,"[0.13107769191265106, 0.17785419523715973, 0.16413378715515137, 0.17504139244556427, 0.17518000304698944, 0.1767129749059677]",1,1.7865517139434814
3,12167-0,"[0.14371401071548462, 0.1717354953289032, 0.1664404720067978, 0.17187261581420898, 0.17414040863513947, 0.17209699749946594]",4,1.78969144821167
4,12162-0,"[0.17174933850765228, 0.1648751199245453, 0.16768085956573486, 0.16556747257709503, 0.16499780118465424, 0.1651294082403183]",0,1.7916510105133057
4,12163-0,"[0.1868722140789032, 0.16012588143348694, 0.169149711728096, 0.1622467190027237, 0.16069099307060242, 0.16091443598270416]",0,1.7901649475097656
4,12164-0,"[0.1652355045080185, 0.16697005927562714, 0.16694332659244537, 0.166996031999588, 0.1668788492679596, 0.16697628796100616]",3,1.7917522192001343
4,12165-0,"[0.2018035352230072, 0.15554480254650116, 0.1701430082321167, 0.1589459478855133, 0.15673620998859406, 0.15682652592658997]",0,1.7870959043502808
4,12166-0,"[0.15993289649486542, 0.1687292754650116, 0.1662561595439911, 0.16816221177577972, 0.16841208934783936, 0.16850735247135162]",1,1.791582465171814
4,12167-0,"[0.16400712728500366, 0.16729116439819336, 0.16673259437084198, 0.16723822057247162, 0.16744151711463928, 0.16728942096233368]",4,1.7917331457138062
5,12162-0,"[0.1680719554424286, 0.16621971130371094, 0.16681809723377228, 0.16635864973068237, 0.16626013815402985, 0.1662713885307312]",0,1.791751503944397
5,12163-0,"[0.17154048383235931, 0.1651402860879898, 0.16712212562561035, 0.16559717059135437, 0.16528870165348053, 0.16531126201152802]",0,1.7916666269302368
5,12164-0,"[0.16652554273605347, 0.16670383512973785, 0.16667649149894714, 0.16669826209545135, 0.16669461131095886, 0.1667012870311737]",1,1.7917594909667969
5,12165-0,"[0.17481353878974915, 0.16412347555160522, 0.16738846898078918, 0.1648768186569214, 0.1643904149532318, 0.16440732777118683]",0,1.7915018796920776
5,12166-0,"[0.16522325575351715, 0.1671147495508194, 0.16655182838439941, 0.16698457300662994, 0.1670602411031723, 0.1670653522014618]",1,1.7917513847351074
5,12167-0,"[0.1662505716085434, 0.16678209602832794, 0.16665107011795044, 0.1667567938566208, 0.16678543388843536, 0.1667739748954773]",4,1.7917588949203491
6,12162-0,"[0.16699595749378204, 0.1665639728307724, 0.16669651865959167, 0.16659431159496307, 0.16657398641109467, 0.16657525300979614]",0,1.7917590141296387
6,12163-0,"[0.16777852177619934, 0.16632068157196045, 0.1667637974023819, 0.16642238199710846, 0.16635604202747345, 0.1663585901260376]",0,1.7917546033859253
6,12164-0,"[0.16664409637451172, 0.16667349636554718, 0.166665717959404, 0.16667160391807556, 0.16667239367961884, 0.1666727066040039]",1,1.7917594909667969
6,12165-0,"[0.16851039230823517, 0.16609293222427368, 0.1668260246515274, 0.16626153886318207, 0.16615280508995056, 0.16615627706050873]",0,1.7917461395263672
6,12166-0,"[0.1663447767496109, 0.16676680743694305, 0.1666392982006073, 0.16673754155635834, 0.16675584018230438, 0.16675566136837006]",1,1.7917590141296387
6,12167-0,"[0.16658508777618408, 0.16669125854969025, 0.16666088998317719, 0.16668443381786346, 0.1666896641254425, 0.1666887104511261]",1,1.7917594909667969
7,12162-0,"[0.16674143075942993, 0.16664335131645203, 0.16667307913303375, 0.16665033996105194, 0.16664573550224304, 0.1666460633277893]",0,1.7917594909667969
7,12163-0,"[0.1669176071882248, 0.16658873856067657, 0.1666882187128067, 0.166611447930336, 0.1665966808795929, 0.16659732162952423]",0,1.7917592525482178
7,12164-0,"[0.16666211187839508, 0.16666799783706665, 0.1666664034128189, 0.16666768491268158, 0.16666783392429352, 0.16666799783706665]",1,1.7917594909667969
7,12165-0,"[0.16708196699619293, 0.1665375977754593, 0.16670237481594086, 0.16657522320747375, 0.16655093431472778, 0.166551873087883]",0,1.7917587757110596
7,12166-0,"[0.16659444570541382, 0.1666891872882843, 0.16666041314601898, 0.16668251156806946, 0.1666868031024933, 0.16668663918972015]",1,1.7917593717575073
7,12167-0,"[0.16664916276931763, 0.16667219996452332, 0.1666651964187622, 0.16667045652866364, 0.16667141020298004, 0.16667157411575317]",1,1.7917594909667969
8,12162-0,"[0.1666833907365799, 0.16666144132614136, 0.1666681170463562, 0.1666630357503891, 0.1666620820760727, 0.16666191816329956]",0,1.7917594909667969
8,12163-0,"[0.16672317683696747, 0.16664911806583405, 0.1666714996099472, 0.16665434837341309, 0.16665101051330566, 0.16665084660053253]",0,1.7917593717575073
8,12164-0,"[0.16666562855243683, 0.1666669100522995, 0.16666676104068756, 0.1666669100522995, 0.16666705906391144, 0.16666676104068756]",4,1.7917594909667969
8,12165-0,"[0.16676005721092224, 0.16663765907287598, 0.16667483747005463, 0.16664591431617737, 0.16664065420627594, 0.16664083302021027]",0,1.7917594909667969
8,12166-0,"[0.1666504293680191, 0.1666717231273651, 0.16666537523269653, 0.1666702926158905, 0.16667109727859497, 0.16667109727859497]",1,1.7917594909667969
8,12167-0,"[0.16666272282600403, 0.16666780412197113, 0.16666652262210846, 0.16666749119758606, 0.16666780412197113, 0.166667640209198]",1,1.7917594909667969
9,12162-0,"[0.16667048633098602, 0.16666539013385773, 0.16666699945926666, 0.166665717959404, 0.166665717959404, 0.166665717959404]",0,1.7917594909667969
9,12163-0,"[0.16667933762073517, 0.16666279733181, 0.16666772961616516, 0.1666637510061264, 0.16666311025619507, 0.166663259267807]",0,1.7917594909667969
9,12164-0,"[0.1666664183139801, 0.16666671633720398, 0.16666671633720398, 0.16666671633720398, 0.16666671633720398, 0.16666671633720398]",1,1.7917594909667969
9,12165-0,"[0.16668768227100372, 0.1666601598262787, 0.16666844487190247, 0.1666620969772339, 0.16666081547737122, 0.16666081547737122]",0,1.7917594909667969
9,12166-0,"[0.16666299104690552, 0.1666679084300995, 0.16666632890701294, 0.1666676104068756, 0.1666676104068756, 0.1666676104068756]",1,1.7917594909667969
9,12167-0,"[0.1666656732559204, 0.1666671186685562, 0.16666662693023682, 0.16666695475578308, 0.16666680574417114, 0.16666680574417114]",1,1.7917593717575073
10,12162-0,"[0.16666752099990845, 0.1666664183139801, 0.16666671633720398, 0.16666656732559204, 0.1666664183139801, 0.1666664183139801]",0,1.7917594909667969
10,12163-0,"[0.16666944324970245, 0.16666580736637115, 0.1666669100522995, 0.1666659563779831, 0.1666659563779831, 0.1666659563779831]",0,1.7917596101760864
10,12164-0,"[0.16666656732559204, 0.16666671633720398, 0.16666656732559204, 0.16666671633720398, 0.16666671633720398, 0.16666671633720398]",1,1.7917594909667969
10,12165-0,"[0.16667133569717407, 0.16666512191295624, 0.16666704416275024, 0.16666561365127563, 0.1666654497385025, 0.1666654497385025]",0,1.7917593717575073
10,12166-0,"[0.16666582226753235, 0.1666669249534607, 0.16666662693023682, 0.1666669249534607, 0.1666669249534607, 0.16666677594184875]",1,1.7917594909667969
10,12167-0,"[0.16666634380817413, 0.16666682064533234, 0.16666652262210846, 0.16666682064533234, 0.16666682064533234, 0.1666666716337204]",1,1.7917594909667969
11,12162-0,"[0.1666668802499771, 0.16666656732559204, 0.1666668802499771, 0.16666656732559204, 0.16666656732559204, 0.16666656732559204]",0,1.7917596101760864
11,12163-0,"[0.16666729748249054, 0.16666634380817413, 0.16666682064533234, 0.16666650772094727, 0.16666650772094727, 0.16666650772094727]",0,1.7917593717575073
11,12164-0,"[0.16666671633720398, 0.16666656732559204, 0.1666668802499771, 0.16666656732559204, 0.16666671633720398, 0.16666656732559204]",2,1.7917596101760864
11,12165-0,"[0.16666783392429352, 0.16666638851165771, 0.16666673123836517, 0.16666638851165771, 0.16666623950004578, 0.16666638851165771]",0,1.7917594909667969
11,12166-0,"[0.16666646301746368, 0.16666677594184875, 0.16666661202907562, 0.16666677594184875, 0.16666677594184875, 0.16666661202907562]",1,1.7917594909667969
11,12167-0,"[0.166666641831398, 0.166666641831398, 0.16666680574417114, 0.166666641831398, 0.166666641831398, 0.166666641831398]",2,1.7917594909667969
12,12162-0,"[0.1666666865348816, 0.1666666865348816, 0.1666666865348816, 0.1666666865348816, 0.1666666865348816, 0.16666653752326965]",0,1.7917594909667969
12,12163-0,"[0.16666680574417114, 0.166666641831398, 0.166666641831398, 0.166666641831398, 0.166666641831398, 0.166666641831398]",0,1.7917594909667969
12,12164-0,"[0.16666674613952637, 0.16666658222675323, 0.16666674613952637, 0.16666658222675323, 0.16666674613952637, 0.16666658222675323]",0,1.7917594909667969
12,12165-0,"[0.16666698455810547, 0.16666649281978607, 0.1666666716337204, 0.16666649281978607, 0.1666666716337204, 0.1666666716337204]",0,1.791759729385376
12,12166-0,"[0.1666666716337204, 0.1666666716337204, 0.16666652262210846, 0.1666666716337204, 0.16666682064533234, 0.1666666716337204]",4,1.7917594909667969
12,12167-0,"[0.16666661202907562, 0.16666677594184875, 0.16666661202907562, 0.16666677594184875, 0.16666661202907562, 0.16666661202907562]",1,1.7917594909667969
13,12162-0,"[0.1666666716337204, 0.1666666716337204, 0.1666666716337204, 0.1666666716337204, 0.1666666716337204, 0.1666666716337204]",0,1.791759729385376
13,12163-0,"[0.1666666716337204, 0.1666666716337204, 0.1666666716337204, 0.1666666716337204, 0.1666666716337204, 0.1666666716337204]",0,1.791759729385376
13,12164-0,"[0.1666666716337204, 0.1666666716337204, 0.1666666716337204, 0.1666666716337204, 0.1666666716337204, 0.1666666716337204]",0,1.791759729385376
13,12165-0,"[0.16666661202907562, 0.16666661202907562, 0.16666677594184875, 0.16666661202907562, 0.16666661202907562, 0.16666677594184875]",2,1.7917593717575073
13,12166-0,"[0.1666664183139801, 0.16666671633720398, 0.16666671633720398, 0.16666671633720398, 0.16666671633720398, 0.16666671633720398]",1,1.7917594909667969
13,12167-0,"[0.16666671633720398, 0.16666671633720398, 0.16666671633720398, 0.16666671633720398, 0.16666656732559204, 0.16666656732559204]",0,1.7917594909667969
14,12162-0,"[0.16666674613952637, 0.16666658222675323, 0.16666674613952637, 0.16666658222675323, 0.16666658222675323, 0.16666674613952637]",0,1.7917594909667969
14,12163-0,"[0.16666661202907562, 0.16666661202907562, 0.16666677594184875, 0.16666661202907562, 0.16666661202907562, 0.16666677594184875]",2,1.7917593717575073
14,12164-0,"[0.16666671633720398, 0.16666671633720398, 0.16666671633720398, 0.16666671633720398, 0.1666664183139801, 0.16666671633720398]",0,1.7917594909667969
14,12165-0,"[0.1666666716337204, 0.1666666716337204, 0.1666666716337204, 0.1666666716337204, 0.1666666716337204, 0.1666666716337204]",0,1.791759729385376
14,12166-0,"[0.16666659712791443, 0.16666659712791443, 0.16666659712791443, 0.16666659712791443, 0.16666674613952637, 0.1666669100522995]",5,1.7917594909667969
14,12167-0,"[0.1666666865348816, 0.1666666865348816, 0.1666666865348816, 0.1666666865348816, 0.16666653752326965, 0.1666666865348816]",0,1.7917594909667969
15,12162-0,"[0.1666666865348816, 0.1666666865348816, 0.1666666865348816, 0.1666666865348816, 0.16666653752326965, 0.1666666865348816]",0,1.7917594909667969
15,12163-0,"[0.166666641831398, 0.166666641831398, 0.16666680574417114, 0.166666641831398, 0.166666641831398, 0.166666641831398]",2,1.7917594909667969
15,12164-0,"[0.1666666716337204, 0.1666666716337204, 0.1666666716337204, 0.1666666716337204, 0.1666666716337204, 0.1666666716337204]",0,1.791759729385376
15,12165-0,"[0.16666671633720398, 0.16666671633720398, 0.16666671633720398, 0.16666671633720398, 0.16666656732559204, 0.16666656732559204]",0,1.7917594909667969
15,12166-0,"[0.16666658222675323, 0.16666658222675323, 0.16666674613952637, 0.16666658222675323, 0.16666674613952637, 0.16666674613952637]",2,1.7917594909667969
15,12167-0,"[0.16666671633720398, 0.16666671633720398, 0.16666671633720398, 0.16666671633720398, 0.16666656732559204, 0.16666656732559204]",0,1.7917594909667969
16,12162-0,"[0.16666671633720398, 0.16666671633720398, 0.16666671633720398, 0.16666671633720398, 0.16666656732559204, 0.16666656732559204]",0,1.7917594909667969
16,12163-0,"[0.16666671633720398, 0.16666671633720398, 0.16666671633720398, 0.16666671633720398, 0.16666656732559204, 0.16666656732559204]",0,1.7917594909667969
16,12164-0,"[0.16666671633720398, 0.16666671633720398, 0.16666671633720398, 0.16666671633720398, 0.16666656732559204, 0.16666656732559204]",0,1.7917594909667969
16,12165-0,"[0.16666674613952637, 0.16666674613952637, 0.16666674613952637, 0.16666674613952637, 0.1666664332151413, 0.16666658222675323]",0,1.7917594909667969
16,12166-0,"[0.1666666865348816, 0.1666666865348816, 0.1666666865348816, 0.1666666865348816, 0.16666653752326965, 0.1666666865348816]",0,1.7917594909667969
16,12167-0,"[0.16666671633720398, 0.16666671633720398, 0.16666671633720398, 0.16666671633720398, 0.16666656732559204, 0.16666656732559204]",0,1.7917594909667969
17,12162-0,"[0.1666666716337204, 0.1666666716337204, 0.1666666716337204, 0.1666666716337204, 0.1666666716337204, 0.1666666716337204]",0,1.791759729385376
17,12163-0,"[0.16666674613952637, 0.16666674613952637, 0.16666674613952637, 0.16666674613952637, 0.16666658222675323, 0.1666664332151413]",0,1.7917594909667969
17,12164-0,"[0.16666671633720398, 0.16666671633720398, 0.16666671633720398, 0.16666671633720398, 0.16666656732559204, 0.16666656732559204]",0,1.7917594909667969
17,12165-0,"[0.1666666865348816, 0.1666666865348816, 0.1666666865348816, 0.1666666865348816, 0.1666666865348816, 0.16666653752326965]",0,1.7917594909667969
17,12166-0,"[0.1666666865348816, 0.1666666865348816, 0.1666666865348816, 0.1666666865348816, 0.1666666865348816, 0.16666653752326965]",0,1.7917594909667969
17,12167-0,"[0.16666671633720398, 0.16666671633720398, 0.16666671633720398, 0.16666671633720398, 0.16666656732559204, 0.16666656732559204]",0,1.7917594909667969
18,12162-0,"[0.1666666865348816, 0.1666666865348816, 0.1666666865348816, 0.1666666865348816, 0.16666653752326965, 0.1666666865348816]",0,1.7917594909667969
18,12163-0,"[0.1666666716337204, 0.1666666716337204, 0.1666666716337204, 0.1666666716337204, 0.1666666716337204, 0.1666666716337204]",0,1.791759729385376
18,12164-0,"[0.166666641831398, 0.166666641831398, 0.166666641831398, 0.166666641831398, 0.166666641831398, 0.16666680574417114]",5,1.7917594909667969
18,12165-0,"[0.1666666716337204, 0.1666666716337204, 0.1666666716337204, 0.1666666716337204, 0.1666666716337204, 0.1666666716337204]",0,1.791759729385376
18,12166-0,"[0.1666666716337204, 0.1666666716337204, 0.1666666716337204, 0.1666666716337204, 0.1666666716337204, 0.1666666716337204]",0,1.791759729385376
18,12167-0,"[0.16666674613952637, 0.16666674613952637, 0.16666674613952637, 0.16666674613952637, 0.1666664332151413, 0.16666658222675323]",0,1.7917594909667969
19,12162-0,"[0.1666666716337204, 0.1666666716337204, 0.1666666716337204, 0.1666666716337204, 0.1666666716337204, 0.1666666716337204]",0,1.791759729385376
19,12163-0,"[0.16666659712791443, 0.16666659712791443, 0.16666659712791443, 0.16666659712791443, 0.1666669100522995, 0.16666674613952637]",4,1.7917594909667969
19,12164-0,"[0.166666641831398, 0.166666641831398, 0.166666641831398, 0.166666641831398, 0.16666680574417114, 0.166666641831398]",4,1.7917594909667969
19,12165-0,"[0.1666666716337204, 0.1666666716337204, 0.1666666716337204, 0.1666666716337204, 0.1666666716337204, 0.1666666716337204]",0,1.791759729385376
19,12166-0,"[0.166666641831398, 0.166666641831398, 0.166666641831398, 0.166666641831398, 0.16666680574417114, 0.166666641831398]",4,1.7917594909667969
19,12167-0,"[0.1666666865348816, 0.1666666865348816, 0.1666666865348816, 0.1666666865348816, 0.1666666865348816, 0.16666653752326965]",0,1.7917594909667969
20,12162-0,"[0.1666666716337204, 0.1666666716337204, 0.1666666716337204, 0.1666666716337204, 0.1666666716337204, 0.1666666716337204]",0,1.791759729385376
20,12163-0,"[0.1666666865348816, 0.1666666865348816, 0.1666666865348816, 0.1666666865348816, 0.16666653752326965, 0.1666666865348816]",0,1.7917594909667969
20,12164-0,"[0.16666661202907562, 0.16666661202907562, 0.16666661202907562, 0.16666661202907562, 0.16666677594184875, 0.16666677594184875]",4,1.7917593717575073
20,12165-0,"[0.16666661202907562, 0.16666661202907562, 0.16666661202907562, 0.16666661202907562, 0.16666677594184875, 0.16666677594184875]",4,1.7917593717575073
20,12166-0,"[0.16666661202907562, 0.16666661202907562, 0.16666661202907562, 0.16666661202907562, 0.16666677594184875, 0.16666677594184875]",4,1.7917593717575073
20,12167-0,"[0.16666674613952637, 0.16666674613952637, 0.16666674613952637, 0.16666674613952637, 0.16666658222675323, 0.1666664332151413]",0,1.7917594909667969
21,12162-0,"[0.1666666716337204, 0.1666666716337204, 0.1666666716337204, 0.1666666716337204, 0.1666666716337204, 0.1666666716337204]",0,1.791759729385376
21,12163-0,"[0.1666666716337204, 0.1666666716337204, 0.1666666716337204, 0.1666666716337204, 0.1666666716337204, 0.1666666716337204]",0,1.791759729385376
21,12164-0,"[0.16666659712791443, 0.16666659712791443, 0.16666659712791443, 0.16666659712791443, 0.1666669100522995, 0.16666674613952637]",4,1.7917594909667969
21,12165-0,"[0.16666661202907562, 0.16666661202907562, 0.16666661202907562, 0.16666661202907562, 0.16666677594184875, 0.16666677594184875]",4,1.7917593717575073
21,12166-0,"[0.16666661202907562, 0.16666661202907562, 0.16666661202907562, 0.16666661202907562, 0.16666677594184875, 0.16666677594184875]",4,1.7917593717575073
21,12167-0,"[0.1666666716337204, 0.1666666716337204, 0.1666666716337204, 0.1666666716337204, 0.1666666716337204, 0.1666666716337204]",0,1.791759729385376
22,12162-0,"[0.1666666716337204, 0.1666666716337204, 0.1666666716337204, 0.1666666716337204, 0.1666666716337204, 0.1666666716337204]",0,1.791759729385376
22,12163-0,"[0.1666666716337204, 0.1666666716337204, 0.1666666716337204, 0.1666666716337204, 0.1666666716337204, 0.1666666716337204]",0,1.791759729385376
22,12164-0,"[0.1666666865348816, 0.1666666865348816, 0.1666666865348816, 0.1666666865348816, 0.16666653752326965, 0.1666666865348816]",0,1.7917594909667969
22,12165-0,"[0.16666661202907562, 0.16666661202907562, 0.16666661202907562, 0.16666661202907562, 0.16666677594184875, 0.16666677594184875]",4,1.7917593717575073
22,12166-0,"[0.1666666716337204, 0.1666666716337204, 0.1666666716337204, 0.1666666716337204, 0.1666666716337204, 0.1666666716337204]",0,1.791759729385376
22,12167-0,"[0.1666666865348816, 0.1666666865348816, 0.1666666865348816, 0.1666666865348816, 0.16666653752326965, 0.1666666865348816]",0,1.7917594909667969
23,12162-0,"[0.1666666716337204, 0.1666666716337204, 0.1666666716337204, 0.1666666716337204, 0.1666666716337204, 0.1666666716337204]",0,1.791759729385376
23,12163-0,"[0.1666666716337204, 0.1666666716337204, 0.1666666716337204, 0.1666666716337204, 0.1666666716337204, 0.1666666716337204]",0,1.791759729385376
23,12164-0,"[0.16666661202907562, 0.16666661202907562, 0.16666661202907562, 0.16666661202907562, 0.16666677594184875, 0.16666677594184875]",4,1.7917593717575073
23,12165-0,"[0.16666661202907562, 0.16666661202907562, 0.16666661202907562, 0.16666661202907562, 0.16666677594184875, 0.16666677594184875]",4,1.7917593717575073
23,12166-0,"[0.1666666716337204, 0.1666666716337204, 0.1666666716337204, 0.1666666716337204, 0.1666666716337204, 0.1666666716337204]",0,1.791759729385376
23,12167-0,"[0.16666661202907562, 0.16666661202907562, 0.16666661202907562, 0.16666661202907562, 0.16666677594184875, 0.16666677594184875]",4,1.7917593717575073
24,12162-0,"[0.1666666716337204, 0.1666666716337204, 0.1666666716337204, 0.1666666716337204, 0.1666666716337204, 0.1666666716337204]",0,1.791759729385376
24,12163-0,"[0.1666666716337204, 0.1666666716337204, 0.1666666716337204, 0.1666666716337204, 0.1666666716337204, 0.1666666716337204]",0,1.791759729385376
24,12164-0,"[0.16666671633720398, 0.16666671633720398, 0.16666671633720398, 0.16666671633720398, 0.16666656732559204, 0.16666656732559204]",0,1.7917594909667969
24,12165-0,"[0.1666666716337204, 0.1666666716337204, 0.1666666716337204, 0.1666666716337204, 0.1666666716337204, 0.1666666716337204]",0,1.791759729385376
24,12166-0,"[0.1666666716337204, 0.1666666716337204, 0.1666666716337204, 0.1666666716337204, 0.1666666716337204, 0.1666666716337204]",0,1.791759729385376
24,12167-0,"[0.1666666716337204, 0.1666666716337204, 0.1666666716337204, 0.1666666716337204, 0.1666666716337204, 0.1666666716337204]",0,1.791759729385376
25,12162-0,"[0.16666671633720398, 0.16666671633720398, 0.16666671633720398, 0.16666671633720398, 0.16666656732559204, 0.16666656732559204]",0,1.7917594909667969
25,12163-0,"[0.16666671633720398, 0.16666671633720398, 0.16666671633720398, 0.16666671633720398, 0.16666656732559204, 0.16666656732559204]",0,1.7917594909667969
25,12164-0,"[0.16666671633720398, 0.16666671633720398, 0.16666671633720398, 0.16666671633720398, 0.16666656732559204, 0.16666656732559204]",0,1.7917594909667969
25,12165-0,"[0.1666666716337204, 0.1666666716337204, 0.1666666716337204, 0.1666666716337204, 0.1666666716337204, 0.1666666716337204]",0,1.791759729385376
25,12166-0,"[0.1666666716337204, 0.1666666716337204, 0.1666666716337204, 0.1666666716337204, 0.1666666716337204, 0.1666666716337204]",0,1.791759729385376
25,12167-0,"[0.16666671633720398, 0.16666671633720398, 0.16666671633720398, 0.16666671633720398, 0.16666656732559204, 0.16666656732559204]",0,1.7917594909667969
26,12162-0,"[0.1666666716337204, 0.1666666716337204, 0.1666666716337204, 0.1666666716337204, 0.1666666716337204, 0.1666666716337204]",0,1.791759729385376
26,12163-0,"[0.1666666716337204, 0.1666666716337204, 0.1666666716337204, 0.1666666716337204, 0.1666666716337204, 0.1666666716337204]",0,1.791759729385376
26,12164-0,"[0.1666666716337204, 0.1666666716337204, 0.1666666716337204, 0.1666666716337204, 0.1666666716337204, 0.1666666716337204]",0,1.791759729385376
26,12165-0,"[0.16666661202907562, 0.16666661202907562, 0.16666661202907562, 0.16666661202907562, 0.16666677594184875, 0.16666677594184875]",4,1.7917593717575073
26,12166-0,"[0.1666666716337204, 0.1666666716337204, 0.1666666716337204, 0.1666666716337204, 0.1666666716337204, 0.1666666716337204]",0,1.791759729385376
26,12167-0,"[0.1666666716337204, 0.1666666716337204, 0.1666666716337204, 0.1666666716337204, 0.1666666716337204, 0.1666666716337204]",0,1.791759729385376
27,12162-0,"[0.1666666716337204, 0.1666666716337204, 0.1666666716337204, 0.1666666716337204, 0.1666666716337204, 0.1666666716337204]",0,1.791759729385376
27,12163-0,"[0.1666666716337204, 0.1666666716337204, 0.1666666716337204, 0.1666666716337204, 0.1666666716337204, 0.1666666716337204]",0,1.791759729385376
27,12164-0,"[0.1666666716337204, 0.1666666716337204, 0.1666666716337204, 0.1666666716337204, 0.1666666716337204, 0.1666666716337204]",0,1.791759729385376
27,12165-0,"[0.16666661202907562, 0.16666661202907562, 0.16666661202907562, 0.16666661202907562, 0.16666677594184875, 0.16666677594184875]",4,1.7917593717575073
27,12166-0,"[0.1666666716337204, 0.1666666716337204, 0.1666666716337204, 0.1666666716337204, 0.1666666716337204, 0.1666666716337204]",0,1.791759729385376
27,12167-0,"[0.16666661202907562, 0.16666661202907562, 0.16666661202907562, 0.16666661202907562, 0.16666677594184875, 0.16666677594184875]",4,1.7917593717575073
28,12162-0,"[0.16666671633720398, 0.16666671633720398, 0.16666671633720398, 0.16666671633720398, 0.16666656732559204, 0.16666656732559204]",0,1.7917594909667969
28,12163-0,"[0.1666666716337204, 0.1666666716337204, 0.1666666716337204, 0.1666666716337204, 0.1666666716337204, 0.1666666716337204]",0,1.791759729385376
28,12164-0,"[0.1666666716337204, 0.1666666716337204, 0.1666666716337204, 0.1666666716337204, 0.1666666716337204, 0.1666666716337204]",0,1.791759729385376
28,12165-0,"[0.16666661202907562, 0.16666661202907562, 0.16666661202907562, 0.16666661202907562, 0.16666677594184875, 0.16666677594184875]",4,1.7917593717575073
28,12166-0,"[0.1666666716337204, 0.1666666716337204, 0.1666666716337204, 0.1666666716337204, 0.1666666716337204, 0.1666666716337204]",0,1.791759729385376
28,12167-0,"[0.16666671633720398, 0.16666671633720398, 0.16666671633720398, 0.16666671633720398, 0.16666656732559204, 0.16666656732559204]",0,1.7917594909667969
29,12162-0,"[0.1666666716337204, 0.1666666716337204, 0.1666666716337204, 0.1666666716337204, 0.1666666716337204, 0.1666666716337204]",0,1.791759729385376
29,12163-0,"[0.1666666716337204, 0.1666666716337204, 0.1666666716337204, 0.1666666716337204, 0.1666666716337204, 0.1666666716337204]",0,1.791759729385376
29,12164-0,"[0.1666666716337204, 0.1666666716337204, 0.1666666716337204, 0.1666666716337204, 0.1666666716337204, 0.1666666716337204]",0,1.791759729385376
29,12165-0,"[0.1666666716337204, 0.1666666716337204, 0.1666666716337204, 0.1666666716337204, 0.1666666716337204, 0.1666666716337204]",0,1.791759729385376
29,12166-0,"[0.1666666716337204, 0.1666666716337204, 0.1666666716337204, 0.1666666716337204, 0.1666666716337204, 0.1666666716337204]",0,1.791759729385376
29,12167-0,"[0.16666671633720398, 0.16666671633720398, 0.16666671633720398, 0.16666671633720398, 0.16666656732559204, 0.16666656732559204]",0,1.7917594909667969
30,12162-0,"[0.1666666716337204, 0.1666666716337204, 0.1666666716337204, 0.1666666716337204, 0.1666666716337204, 0.1666666716337204]",0,1.791759729385376
30,12163-0,"[0.16666661202907562, 0.16666661202907562, 0.16666661202907562, 0.16666661202907562, 0.16666677594184875, 0.16666677594184875]",4,1.7917593717575073
30,12164-0,"[0.1666666716337204, 0.1666666716337204, 0.1666666716337204, 0.1666666716337204, 0.1666666716337204, 0.1666666716337204]",0,1.791759729385376
30,12165-0,"[0.1666666716337204, 0.1666666716337204, 0.1666666716337204, 0.1666666716337204, 0.1666666716337204, 0.1666666716337204]",0,1.791759729385376
30,12166-0,"[0.1666666716337204, 0.1666666716337204, 0.1666666716337204, 0.1666666716337204, 0.1666666716337204, 0.1666666716337204]",0,1.791759729385376
30,12167-0,"[0.16666671633720398, 0.16666671633720398, 0.16666671633720398, 0.16666671633720398, 0.16666656732559204, 0.16666656732559204]",0,1.7917594909667969
31,12162-0,"[0.1666666716337204, 0.1666666716337204, 0.1666666716337204, 0.1666666716337204, 0.1666666716337204, 0.1666666716337204]",0,1.791759729385376
31,12163-0,"[0.16666661202907562, 0.16666661202907562, 0.16666661202907562, 0.16666661202907562, 0.16666677594184875, 0.16666677594184875]",4,1.7917593717575073
31,12164-0,"[0.1666666716337204, 0.1666666716337204, 0.1666666716337204, 0.1666666716337204, 0.1666666716337204, 0.1666666716337204]",0,1.791759729385376
31,12165-0,"[0.1666666716337204, 0.1666666716337204, 0.1666666716337204, 0.1666666716337204, 0.1666666716337204, 0.1666666716337204]",0,1.791759729385376
31,12166-0,"[0.16666661202907562, 0.16666661202907562, 0.16666661202907562, 0.16666661202907562, 0.16666677594184875, 0.16666677594184875]",4,1.7917593717575073
31,12167-0,"[0.16666671633720398, 0.16666671633720398, 0.16666671633720398, 0.16666671633720398, 0.16666656732559204, 0.16666656732559204]",0,1.7917594909667969
32,12162-0,"[0.16666656732559204, 0.16666656732559204, 0.16666656732559204, 0.16666656732559204, 0.1666668802499771, 0.1666668802499771]",4,1.7917596101760864
32,12163-0,"[0.16666661202907562, 0.16666661202907562, 0.16666661202907562, 0.16666661202907562, 0.16666677594184875, 0.16666677594184875]",4,1.7917593717575073
32,12164-0,"[0.16666661202907562, 0.16666661202907562, 0.16666661202907562, 0.16666661202907562, 0.16666677594184875, 0.16666677594184875]",4,1.7917593717575073
32,12165-0,"[0.16666661202907562, 0.16666661202907562, 0.16666661202907562, 0.16666661202907562, 0.16666677594184875, 0.16666677594184875]",4,1.7917593717575073
32,12166-0,"[0.16666656732559204, 0.16666656732559204, 0.16666656732559204, 0.16666656732559204, 0.1666668802499771, 0.1666668802499771]",4,1.7917596101760864
32,12167-0,"[0.16666661202907562, 0.16666661202907562, 0.16666661202907562, 0.16666661202907562, 0.16666677594184875, 0.16666677594184875]",4,1.7917593717575073
33,12162-0,"[0.1666666716337204, 0.1666666716337204, 0.1666666716337204, 0.1666666716337204, 0.1666666716337204, 0.1666666716337204]",0,1.791759729385376
33,12163-0,"[0.1666666716337204, 0.1666666716337204, 0.1666666716337204, 0.1666666716337204, 0.1666666716337204, 0.1666666716337204]",0,1.791759729385376
33,12164-0,"[0.1666666716337204, 0.1666666716337204, 0.1666666716337204, 0.1666666716337204, 0.1666666716337204, 0.1666666716337204]",0,1.791759729385376
33,12165-0,"[0.1666666716337204, 0.1666666716337204, 0.1666666716337204, 0.1666666716337204, 0.1666666716337204, 0.1666666716337204]",0,1.791759729385376
33,12166-0,"[0.16666671633720398, 0.16666671633720398, 0.16666671633720398, 0.16666671633720398, 0.16666656732559204, 0.16666656732559204]",0,1.7917594909667969
33,12167-0,"[0.1666666716337204, 0.1666666716337204, 0.1666666716337204, 0.1666666716337204, 0.1666666716337204, 0.1666666716337204]",0,1.791759729385376
34,12162-0,"[0.16666661202907562, 0.16666661202907562, 0.16666661202907562, 0.16666661202907562, 0.16666677594184875, 0.16666677594184875]",4,1.7917593717575073
34,12163-0,"[0.16666661202907562, 0.16666661202907562, 0.16666661202907562, 0.16666661202907562, 0.16666677594184875, 0.16666677594184875]",4,1.7917593717575073
34,12164-0,"[0.16666656732559204, 0.16666656732559204, 0.16666656732559204, 0.16666656732559204, 0.1666668802499771, 0.1666668802499771]",4,1.7917596101760864
34,12165-0,"[0.1666666716337204, 0.1666666716337204, 0.1666666716337204, 0.1666666716337204, 0.1666666716337204, 0.1666666716337204]",0,1.791759729385376
34,12166-0,"[0.1666666716337204, 0.1666666716337204, 0.1666666716337204, 0.1666666716337204, 0.1666666716337204, 0.1666666716337204]",0,1.791759729385376
34,12167-0,"[0.1666666716337204, 0.1666666716337204, 0.1666666716337204, 0.1666666716337204, 0.1666666716337204, 0.1666666716337204]",0,1.791759729385376
35,12162-0,"[0.1666666716337204, 0.1666666716337204, 0.1666666716337204, 0.1666666716337204, 0.1666666716337204, 0.1666666716337204]",0,1.791759729385376
35,12163-0,"[0.1666666716337204, 0.1666666716337204, 0.1666666716337204, 0.1666666716337204, 0.1666666716337204, 0.1666666716337204]",0,1.791759729385376
35,12164-0,"[0.1666666716337204, 0.1666666716337204, 0.1666666716337204, 0.1666666716337204, 0.1666666716337204, 0.1666666716337204]",0,1.791759729385376
35,12165-0,"[0.1666666716337204, 0.1666666716337204, 0.1666666716337204, 0.1666666716337204, 0.1666666716337204, 0.1666666716337204]",0,1.791759729385376
35,12166-0,"[0.1666666716337204, 0.1666666716337204, 0.1666666716337204, 0.1666666716337204, 0.1666666716337204, 0.1666666716337204]",0,1.791759729385376
35,12167-0,"[0.16666671633720398, 0.16666671633720398, 0.16666671633720398, 0.16666671633720398, 0.16666656732559204, 0.16666656732559204]",0,1.7917594909667969
36,12162-0,"[0.1666666716337204, 0.1666666716337204, 0.1666666716337204, 0.1666666716337204, 0.1666666716337204, 0.1666666716337204]",0,1.791759729385376
36,12163-0,"[0.1666666716337204, 0.1666666716337204, 0.1666666716337204, 0.1666666716337204, 0.1666666716337204, 0.1666666716337204]",0,1.791759729385376
36,12164-0,"[0.16666671633720398, 0.16666671633720398, 0.16666671633720398, 0.16666671633720398, 0.16666656732559204, 0.16666656732559204]",0,1.7917594909667969
36,12165-0,"[0.1666666716337204, 0.1666666716337204, 0.1666666716337204, 0.1666666716337204, 0.1666666716337204, 0.1666666716337204]",0,1.791759729385376
36,12166-0,"[0.1666666716337204, 0.1666666716337204, 0.1666666716337204, 0.1666666716337204, 0.1666666716337204, 0.1666666716337204]",0,1.791759729385376
36,12167-0,"[0.1666666716337204, 0.1666666716337204, 0.1666666716337204, 0.1666666716337204, 0.1666666716337204, 0.1666666716337204]",0,1.791759729385376
37,12162-0,"[0.1666666716337204, 0.1666666716337204, 0.1666666716337204, 0.1666666716337204, 0.1666666716337204, 0.1666666716337204]",0,1.791759729385376
37,12163-0,"[0.16666661202907562, 0.16666661202907562, 0.16666661202907562, 0.16666661202907562, 0.16666677594184875, 0.16666677594184875]",4,1.7917593717575073
37,12164-0,"[0.16666661202907562, 0.16666661202907562, 0.16666661202907562, 0.16666661202907562, 0.16666677594184875, 0.16666677594184875]",4,1.7917593717575073
37,12165-0,"[0.16666661202907562, 0.16666661202907562, 0.16666661202907562, 0.16666661202907562, 0.16666677594184875, 0.16666677594184875]",4,1.7917593717575073
37,12166-0,"[0.16666656732559204, 0.16666656732559204, 0.16666656732559204, 0.16666656732559204, 0.1666668802499771, 0.1666668802499771]",4,1.7917596101760864
37,12167-0,"[0.16666661202907562, 0.16666661202907562, 0.16666661202907562, 0.16666661202907562, 0.16666677594184875, 0.16666677594184875]",4,1.7917593717575073
38,12162-0,"[0.1666666716337204, 0.1666666716337204, 0.1666666716337204, 0.1666666716337204, 0.1666666716337204, 0.1666666716337204]",0,1.791759729385376
38,12163-0,"[0.1666666716337204, 0.1666666716337204, 0.1666666716337204, 0.1666666716337204, 0.1666666716337204, 0.1666666716337204]",0,1.791759729385376
38,12164-0,"[0.16666671633720398, 0.16666671633720398, 0.16666671633720398, 0.16666671633720398, 0.16666656732559204, 0.16666656732559204]",0,1.7917594909667969
38,12165-0,"[0.16666677594184875, 0.16666677594184875, 0.16666677594184875, 0.16666677594184875, 0.16666646301746368, 0.16666646301746368]",0,1.7917594909667969
38,12166-0,"[0.1666666716337204, 0.1666666716337204, 0.1666666716337204, 0.1666666716337204, 0.1666666716337204, 0.1666666716337204]",0,1.791759729385376
38,12167-0,"[0.1666666716337204, 0.1666666716337204, 0.1666666716337204, 0.1666666716337204, 0.1666666716337204, 0.1666666716337204]",0,1.791759729385376
39,12162-0,"[0.1666666716337204, 0.1666666716337204, 0.1666666716337204, 0.1666666716337204, 0.1666666716337204, 0.1666666716337204]",0,1.791759729385376
39,12163-0,"[0.16666661202907562, 0.16666661202907562, 0.16666661202907562, 0.16666661202907562, 0.16666677594184875, 0.16666677594184875]",4,1.7917593717575073
39,12164-0,"[0.16666661202907562, 0.16666661202907562, 0.16666661202907562, 0.16666661202907562, 0.16666677594184875, 0.16666677594184875]",4,1.7917593717575073
39,12165-0,"[0.16666661202907562, 0.16666661202907562, 0.16666661202907562, 0.16666661202907562, 0.16666677594184875, 0.16666677594184875]",4,1.7917593717575073
39,12166-0,"[0.1666666716337204, 0.1666666716337204, 0.1666666716337204, 0.1666666716337204, 0.1666666716337204, 0.1666666716337204]",0,1.791759729385376
39,12167-0,"[0.16666671633720398, 0.16666671633720398, 0.16666671633720398, 0.16666671633720398, 0.16666656732559204, 0.16666656732559204]",0,1.7917594909667969
40,12162-0,"[0.16666661202907562, 0.16666661202907562, 0.16666661202907562, 0.16666661202907562, 0.16666677594184875, 0.16666677594184875]",4,1.7917593717575073
40,12163-0,"[0.1666666716337204, 0.1666666716337204, 0.1666666716337204, 0.1666666716337204, 0.1666666716337204, 0.1666666716337204]",0,1.791759729385376
40,12164-0,"[0.16666661202907562, 0.16666661202907562, 0.16666661202907562, 0.16666661202907562, 0.16666677594184875, 0.16666677594184875]",4,1.7917593717575073
40,12165-0,"[0.16666661202907562, 0.16666661202907562, 0.16666661202907562, 0.16666661202907562, 0.16666677594184875, 0.16666677594184875]",4,1.7917593717575073
40,12166-0,"[0.16666661202907562, 0.16666661202907562, 0.16666661202907562, 0.16666661202907562, 0.16666677594184875, 0.16666677594184875]",4,1.7917593717575073
40,12167-0,"[0.1666666716337204, 0.1666666716337204, 0.1666666716337204, 0.1666666716337204, 0.1666666716337204, 0.1666666716337204]",0,1.791759729385376
41,12162-0,"[0.1666666716337204, 0.1666666716337204, 0.1666666716337204, 0.1666666716337204, 0.1666666716337204, 0.1666666716337204]",0,1.791759729385376
41,12163-0,"[0.16666661202907562, 0.16666661202907562, 0.16666661202907562, 0.16666661202907562, 0.16666677594184875, 0.16666677594184875]",4,1.7917593717575073
41,12164-0,"[0.16666661202907562, 0.16666661202907562, 0.16666661202907562, 0.16666661202907562, 0.16666677594184875, 0.16666677594184875]",4,1.7917593717575073
41,12165-0,"[0.16666661202907562, 0.16666661202907562, 0.16666661202907562, 0.16666661202907562, 0.16666677594184875, 0.16666677594184875]",4,1.7917593717575073
41,12166-0,"[0.16666671633720398, 0.16666671633720398, 0.16666671633720398, 0.16666671633720398, 0.16666656732559204, 0.16666656732559204]",0,1.7917594909667969
41,12167-0,"[0.16666661202907562, 0.16666661202907562, 0.16666661202907562, 0.16666661202907562, 0.16666677594184875, 0.16666677594184875]",4,1.7917593717575073
42,12162-0,"[0.1666666716337204, 0.1666666716337204, 0.1666666716337204, 0.1666666716337204, 0.1666666716337204, 0.1666666716337204]",0,1.791759729385376
42,12163-0,"[0.1666666716337204, 0.1666666716337204, 0.1666666716337204, 0.1666666716337204, 0.1666666716337204, 0.1666666716337204]",0,1.791759729385376
42,12164-0,"[0.16666671633720398, 0.16666671633720398, 0.16666671633720398, 0.16666671633720398, 0.16666656732559204, 0.16666656732559204]",0,1.7917594909667969
42,12165-0,"[0.16666661202907562, 0.16666661202907562, 0.16666661202907562, 0.16666661202907562, 0.16666677594184875, 0.16666677594184875]",4,1.7917593717575073
42,12166-0,"[0.1666666716337204, 0.1666666716337204, 0.1666666716337204, 0.1666666716337204, 0.1666666716337204, 0.1666666716337204]",0,1.791759729385376
42,12167-0,"[0.1666666716337204, 0.1666666716337204, 0.1666666716337204, 0.1666666716337204, 0.1666666716337204, 0.1666666716337204]",0,1.791759729385376
43,12162-0,"[0.1666666716337204, 0.1666666716337204, 0.1666666716337204, 0.1666666716337204, 0.1666666716337204, 0.1666666716337204]",0,1.791759729385376
43,12163-0,"[0.1666666716337204, 0.1666666716337204, 0.1666666716337204, 0.1666666716337204, 0.1666666716337204, 0.1666666716337204]",0,1.791759729385376
43,12164-0,"[0.16666661202907562, 0.16666661202907562, 0.16666661202907562, 0.16666661202907562, 0.16666677594184875, 0.16666677594184875]",4,1.7917593717575073
43,12165-0,"[0.1666666716337204, 0.1666666716337204, 0.1666666716337204, 0.1666666716337204, 0.1666666716337204, 0.1666666716337204]",0,1.791759729385376
43,12166-0,"[0.1666666716337204, 0.1666666716337204, 0.1666666716337204, 0.1666666716337204, 0.1666666716337204, 0.1666666716337204]",0,1.791759729385376
43,12167-0,"[0.16666661202907562, 0.16666661202907562, 0.16666661202907562, 0.16666661202907562, 0.16666677594184875, 0.16666677594184875]",4,1.7917593717575073
44,12162-0,"[0.1666666716337204, 0.1666666716337204, 0.1666666716337204, 0.1666666716337204, 0.1666666716337204, 0.1666666716337204]",0,1.791759729385376
44,12163-0,"[0.1666666716337204, 0.1666666716337204, 0.1666666716337204, 0.1666666716337204, 0.1666666716337204, 0.1666666716337204]",0,1.791759729385376
44,12164-0,"[0.1666666716337204, 0.1666666716337204, 0.1666666716337204, 0.1666666716337204, 0.1666666716337204, 0.1666666716337204]",0,1.791759729385376
44,12165-0,"[0.16666661202907562, 0.16666661202907562, 0.16666661202907562, 0.16666661202907562, 0.16666677594184875, 0.16666677594184875]",4,1.7917593717575073
44,12166-0,"[0.16666671633720398, 0.16666671633720398, 0.16666671633720398, 0.16666671633720398, 0.16666656732559204, 0.16666656732559204]",0,1.7917594909667969
44,12167-0,"[0.16666671633720398, 0.16666671633720398, 0.16666671633720398, 0.16666671633720398, 0.16666656732559204, 0.16666656732559204]",0,1.7917594909667969
45,12162-0,"[0.1666666716337204, 0.1666666716337204, 0.1666666716337204, 0.1666666716337204, 0.1666666716337204, 0.1666666716337204]",0,1.791759729385376
45,12163-0,"[0.16666661202907562, 0.16666661202907562, 0.16666661202907562, 0.16666661202907562, 0.16666677594184875, 0.16666677594184875]",4,1.7917593717575073
45,12164-0,"[0.1666666716337204, 0.1666666716337204, 0.1666666716337204, 0.1666666716337204, 0.1666666716337204, 0.1666666716337204]",0,1.791759729385376
45,12165-0,"[0.1666666716337204, 0.1666666716337204, 0.1666666716337204, 0.1666666716337204, 0.1666666716337204, 0.1666666716337204]",0,1.791759729385376
45,12166-0,"[0.16666671633720398, 0.16666671633720398, 0.16666671633720398, 0.16666671633720398, 0.16666656732559204, 0.16666656732559204]",0,1.7917594909667969
45,12167-0,"[0.16666671633720398, 0.16666671633720398, 0.16666671633720398, 0.16666671633720398, 0.16666656732559204, 0.16666656732559204]",0,1.7917594909667969
46,12162-0,"[0.16666671633720398, 0.16666671633720398, 0.16666671633720398, 0.16666671633720398, 0.16666656732559204, 0.16666656732559204]",0,1.7917594909667969
46,12163-0,"[0.1666666716337204, 0.1666666716337204, 0.1666666716337204, 0.1666666716337204, 0.1666666716337204, 0.1666666716337204]",0,1.791759729385376
46,12164-0,"[0.1666666716337204, 0.1666666716337204, 0.1666666716337204, 0.1666666716337204, 0.1666666716337204, 0.1666666716337204]",0,1.791759729385376
46,12165-0,"[0.1666666716337204, 0.1666666716337204, 0.1666666716337204, 0.1666666716337204, 0.1666666716337204, 0.1666666716337204]",0,1.791759729385376
46,12166-0,"[0.16666671633720398, 0.16666671633720398, 0.16666671633720398, 0.16666671633720398, 0.16666656732559204, 0.16666656732559204]",0,1.7917594909667969
46,12167-0,"[0.16666671633720398, 0.16666671633720398, 0.16666671633720398, 0.16666671633720398, 0.16666656732559204, 0.16666656732559204]",0,1.7917594909667969
47,12162-0,"[0.1666666716337204, 0.1666666716337204, 0.1666666716337204, 0.1666666716337204, 0.1666666716337204, 0.1666666716337204]",0,1.791759729385376
47,12163-0,"[0.1666666716337204, 0.1666666716337204, 0.1666666716337204, 0.1666666716337204, 0.1666666716337204, 0.1666666716337204]",0,1.791759729385376
47,12164-0,"[0.1666666716337204, 0.1666666716337204, 0.1666666716337204, 0.1666666716337204, 0.1666666716337204, 0.1666666716337204]",0,1.791759729385376
47,12165-0,"[0.1666666716337204, 0.1666666716337204, 0.1666666716337204, 0.1666666716337204, 0.1666666716337204, 0.1666666716337204]",0,1.791759729385376
47,12166-0,"[0.16666661202907562, 0.16666661202907562, 0.16666661202907562, 0.16666661202907562, 0.16666677594184875, 0.16666677594184875]",4,1.7917593717575073
47,12167-0,"[0.1666666716337204, 0.1666666716337204, 0.1666666716337204, 0.1666666716337204, 0.1666666716337204, 0.1666666716337204]",0,1.791759729385376
48,12162-0,"[0.1666666716337204, 0.1666666716337204, 0.1666666716337204, 0.1666666716337204, 0.1666666716337204, 0.1666666716337204]",0,1.791759729385376
48,12163-0,"[0.1666666716337204, 0.1666666716337204, 0.1666666716337204, 0.1666666716337204, 0.1666666716337204, 0.1666666716337204]",0,1.791759729385376
48,12164-0,"[0.16666671633720398, 0.16666671633720398, 0.16666671633720398, 0.16666671633720398, 0.16666656732559204, 0.16666656732559204]",0,1.7917594909667969
48,12165-0,"[0.1666666716337204, 0.1666666716337204, 0.1666666716337204, 0.1666666716337204, 0.1666666716337204, 0.1666666716337204]",0,1.791759729385376
48,12166-0,"[0.1666666716337204, 0.1666666716337204, 0.1666666716337204, 0.1666666716337204, 0.1666666716337204, 0.1666666716337204]",0,1.791759729385376
48,12167-0,"[0.1666666716337204, 0.1666666716337204, 0.1666666716337204, 0.1666666716337204, 0.1666666716337204, 0.1666666716337204]",0,1.791759729385376
49,12162-0,"[0.1666666716337204, 0.1666666716337204, 0.1666666716337204, 0.1666666716337204, 0.1666666716337204, 0.1666666716337204]",0,1.791759729385376
49,12163-0,"[0.1666666716337204, 0.1666666716337204, 0.1666666716337204, 0.1666666716337204, 0.1666666716337204, 0.1666666716337204]",0,1.791759729385376
49,12164-0,"[0.1666666716337204, 0.1666666716337204, 0.1666666716337204, 0.1666666716337204, 0.1666666716337204, 0.1666666716337204]",0,1.791759729385376
49,12165-0,"[0.1666666716337204, 0.1666666716337204, 0.1666666716337204, 0.1666666716337204, 0.1666666716337204, 0.1666666716337204]",0,1.791759729385376
49,12166-0,"[0.1666666716337204, 0.1666666716337204, 0.1666666716337204, 0.1666666716337204, 0.1666666716337204, 0.1666666716337204]",0,1.791759729385376
49,12167-0,"[0.1666666716337204, 0.1666666716337204, 0.1666666716337204, 0.1666666716337204, 0.1666666716337204, 0.1666666716337204]",0,1.791759729385376
50,12162-0,"[0.16666671633720398, 0.16666671633720398, 0.16666671633720398, 0.16666671633720398, 0.16666656732559204, 0.16666656732559204]",0,1.7917594909667969
50,12163-0,"[0.1666666716337204, 0.1666666716337204, 0.1666666716337204, 0.1666666716337204, 0.1666666716337204, 0.1666666716337204]",0,1.791759729385376
50,12164-0,"[0.1666666716337204, 0.1666666716337204, 0.1666666716337204, 0.1666666716337204, 0.1666666716337204, 0.1666666716337204]",0,1.791759729385376
50,12165-0,"[0.1666666716337204, 0.1666666716337204, 0.1666666716337204, 0.1666666716337204, 0.1666666716337204, 0.1666666716337204]",0,1.791759729385376
50,12166-0,"[0.1666666716337204, 0.1666666716337204, 0.1666666716337204, 0.1666666716337204, 0.1666666716337204, 0.1666666716337204]",0,1.791759729385376
50,12167-0,"[0.16666671633720398, 0.16666671633720398, 0.16666671633720398, 0.16666671633720398, 0.16666656732559204, 0.16666656732559204]",0,1.7917594909667969
