round,split,cid,local_num_layers,global_num_layers,spa_hfl,spc,loss,mse,rmse,mae,r2,nrmse,round_train_time_seconds,align_train_loss,align_train_rmse,latent_mean_norm
1,train,12162-0,1,3,0.0,1.0,0.00014087800900845177,0.008767757564783096,0.09363630473690798,0.0680425763130188,0.2700679060989275,0.1354758742584331,9.189515829086304,,,
1,val,12162-0,1,3,0.0,1.0,0.007326722899569741,0.42973387241363525,0.6555409006413218,0.6428009271621704,-26.827295988276674,1.0133462212664937,,,,
2,train,12162-0,1,3,0.0,1.0,0.0001119064999495605,0.006510294042527676,0.0806863931684127,0.058014146983623505,0.4580082384305451,0.11675014693562094,9.149206399917603,,,
2,val,12162-0,1,3,0.0,1.0,0.006933128280478691,0.4065048098564148,0.6375772971620106,0.6241218447685242,-25.323121884567172,0.9791447929704467,,,,
3,train,12162-0,1,3,0.0,1.0,0.00010109112321396614,0.005873142741620541,0.07663643220832074,0.051575176417827606,0.511045907551153,0.11385858085379162,8.818177938461304,,,
3,val,12162-0,1,3,0.0,1.0,0.006396988147421729,0.37499091029167175,0.6123650139350482,0.5990055799484253,-23.282478895055295,0.9262228854081543,,,,
4,train,12162-0,1,3,0.0,1.0,8.829006841482357e-05,0.005517251789569855,0.07427820534699162,0.04900693893432617,0.5406761753298719,0.1102244879977999,8.809391021728516,,,
4,val,12162-0,1,3,0.0,1.0,0.006082482478789639,0.3565077483654022,0.5970826980958351,0.5839326977729797,-22.08563200769072,0.8881976894059542,,,,
5,train,12162-0,1,3,0.0,1.0,9.068748452696446e-05,0.005625320598483086,0.0750021372927671,0.05044645816087723,0.5316798462879172,0.11134344263081532,8.714385032653809,,,
5,val,12162-0,1,3,0.0,1.0,0.0057342981738883235,0.3360547423362732,0.5797022876755561,0.5667937994003296,-20.76121659883444,0.8476492504467532,,,,
6,train,12162-0,1,3,0.0,1.0,8.873687634121062e-05,0.005519310478121042,0.07429206201284927,0.04953620582818985,0.5405035577635439,0.11029080781843235,8.807337284088135,,,
6,val,12162-0,1,3,0.0,1.0,0.0055126733920745205,0.32303252816200256,0.568359506089238,0.5556184649467468,-19.917979571916582,0.8198100564918943,,,,
7,train,12162-0,1,3,0.0,1.0,9.056548359588154e-05,0.005702105816453695,0.07551228917503226,0.050620730966329575,0.5252874084481718,0.11061953968358383,8.853822708129883,,,
7,val,12162-0,1,3,0.0,1.0,0.005272386320532626,0.308937668800354,0.5558216159887577,0.5431897640228271,-19.0052772557745,0.7945721038198618,,,,
8,train,12162-0,1,3,0.0,1.0,8.506325879671376e-05,0.00535318348556757,0.07316545281461442,0.04746440052986145,0.5543334421575313,0.10859391960746528,8.841362476348877,,,
8,val,12162-0,1,3,0.0,1.0,0.0051539239123903745,0.301971971988678,0.5495197648753664,0.5368373394012451,-18.554218583066373,0.7800009457017034,,,,
9,train,12162-0,1,3,0.0,1.0,8.323314670747404e-05,0.005184045527130365,0.0720003161599334,0.046238068491220474,0.5684152490384444,0.10728422847010421,8.905542850494385,,,
9,val,12162-0,1,3,0.0,1.0,0.005040330474386738,0.2953249514102936,0.5434380842472246,0.5307825207710266,-18.123793837481294,0.7691243805241342,,,,
10,train,12162-0,1,3,0.0,1.0,8.24188958636936e-05,0.005166056100279093,0.0718752815666074,0.04664935916662216,0.5699116482218283,0.1070270284025896,8.626299858093262,,,
10,val,12162-0,1,3,0.0,1.0,0.004944532103679351,0.2896745204925537,0.5382141957367472,0.5254359841346741,-17.757900901424186,0.7611065469759803,,,,
11,train,12162-0,1,3,0.0,1.0,8.804115955696715e-05,0.005057511851191521,0.07111618557818973,0.045218952000141144,0.5789482704860278,0.1058710806395203,8.901548862457275,,,
11,val,12162-0,1,3,0.0,1.0,0.004937255495711218,0.2892502248287201,0.5378198813996374,0.5251221060752869,-17.730421012069108,0.7608614250411988,,,,
12,train,12162-0,1,3,0.0,1.0,8.207619516728792e-05,0.005118545610457659,0.07154401170229174,0.045298025012016296,0.5738644285324789,0.10683940424210359,8.809120416641235,,,
12,val,12162-0,1,3,0.0,1.0,0.004859700861862441,0.2846550941467285,0.5335307808802867,0.5205841064453125,-17.43287374328326,0.7524662203665856,,,,
13,train,12162-0,1,3,0.0,1.0,8.159085028008858e-05,0.0051186648197472095,0.0715448448160118,0.04618612304329872,0.5738550426192998,0.10671082671277379,9.036443948745728,,,
13,val,12162-0,1,3,0.0,1.0,0.0047434532566915585,0.27782654762268066,0.5270925418014191,0.5140891075134277,-16.99068696828586,0.74524048695503,,,,
14,train,12162-0,1,3,0.0,1.0,8.64166861990438e-05,0.005085295997560024,0.07131126136564984,0.046233899891376495,0.5766370519081769,0.10573713996093136,8.911526679992676,,,
14,val,12162-0,1,3,0.0,1.0,0.004729134812636718,0.27698761224746704,0.5262961260046164,0.5132355093955994,-16.936355324272814,0.7456168495122293,,,,
15,train,12162-0,1,3,0.0,1.0,7.931356748428998e-05,0.004998527467250824,0.07070026497298877,0.04479586333036423,0.5838570105620524,0.1052585843509268,8.739923238754272,,,
15,val,12162-0,1,3,0.0,1.0,0.004634303131183994,0.2714407742023468,0.5209997833035507,0.5079830884933472,-16.577171097950014,0.7375111847378849,,,,
16,train,12162-0,1,3,0.0,1.0,7.894932699273869e-05,0.004904659930616617,0.0700332773088381,0.04428780451416969,0.5916724984887016,0.10468002907081438,8.931686401367188,,,
16,val,12162-0,1,3,0.0,1.0,0.0046188275522320585,0.2704783082008362,0.5200752908962665,0.5067071914672852,-16.514843886141364,0.7318293943149862,,,,
17,train,12162-0,1,3,0.0,1.0,8.064714136899709e-05,0.004992019385099411,0.07065422411363252,0.04526451975107193,0.5843999208045043,0.10509498522190026,8.754841804504395,,,
17,val,12162-0,1,3,0.0,1.0,0.004532776301420188,0.2654578387737274,0.5152260074702435,0.50202876329422,-16.189751623369872,0.7259086368926569,,,,
18,train,12162-0,1,3,0.0,1.0,7.860850152406473e-05,0.00494090560823679,0.07029157565623913,0.04508295655250549,0.5886544374675771,0.10453618084395132,8.918002843856812,,,
18,val,12162-0,1,3,0.0,1.0,0.0043961668567818425,0.2574446201324463,0.5073900079154557,0.4940856099128723,-15.670851832827696,0.714504690570783,,,,
19,train,12162-0,1,3,0.0,1.0,7.955181318505259e-05,0.0049611302092671394,0.07043529093620002,0.04496891796588898,0.586970521727364,0.10477729599596494,8.704561471939087,,,
19,val,12162-0,1,3,0.0,1.0,0.004426017340728502,0.2592070996761322,0.5091238549470376,0.4959828555583954,-15.78498154708932,0.7167953169420666,,,,
20,train,12162-0,1,3,0.0,1.0,8.023905100048834e-05,0.004986561369150877,0.07061558871206043,0.04603381082415581,0.5848537284670315,0.10520572193578082,8.812488555908203,,,
20,val,12162-0,1,3,0.0,1.0,0.004324681019481224,0.25327664613723755,0.5032659795150448,0.49014347791671753,-15.400954047472261,0.7076810724250131,,,,
21,train,12162-0,1,3,0.0,1.0,8.462642811807203e-05,0.004948222078382969,0.07034360012384189,0.045419640839099884,0.5880434209885734,0.10575166196875699,8.754399299621582,,,
21,val,12162-0,1,3,0.0,1.0,0.004382332731902851,0.25665685534477234,0.506613121962679,0.49354562163352966,-15.619843348355708,0.7137994518457262,,,,
22,train,12162-0,1,3,0.0,1.0,8.58980124828141e-05,0.004944421350955963,0.07031657948845324,0.046317536383867264,0.5883635364229165,0.1045810656076604,8.803711414337158,,,
22,val,12162-0,1,3,0.0,1.0,0.004311862374156839,0.2525045573711395,0.5024983157893562,0.4892938435077667,-15.350959059801106,0.7064866854573916,,,,
23,train,12162-0,1,3,0.0,1.0,8.121810702913247e-05,0.005013391841202974,0.07080530941393431,0.04741585999727249,0.5826162256307503,0.10667570178565267,9.0820472240448,,,
23,val,12162-0,1,3,0.0,1.0,0.004378728222746387,0.25641560554504395,0.5063749653616814,0.4930807948112488,-15.604218830253759,0.713694984182255,,,,
24,train,12162-0,1,3,0.0,1.0,8.615098265993605e-05,0.005062644835561514,0.071152265147088,0.04583659768104553,0.5785167125200056,0.10693619852641952,8.893861055374146,,,
24,val,12162-0,1,3,0.0,1.0,0.004368041260835994,0.25579124689102173,0.5057580912758803,0.4924827516078949,-15.563785103584184,0.7127990851253907,,,,
25,train,12162-0,1,3,0.0,1.0,7.975201835546247e-05,0.004994963761419058,0.07067505756219133,0.04590724781155586,0.5841540540895689,0.10596653937514826,8.848721027374268,,,
25,val,12162-0,1,3,0.0,1.0,0.004311775482153591,0.2524911165237427,0.5024849415890418,0.4892008304595947,-15.350084760344522,0.7077460816822686,,,,
26,train,12162-0,1,3,0.0,1.0,8.514205494609667e-05,0.00494922511279583,0.07035072929825127,0.04692738503217697,0.5879580329357792,0.10687416290791825,8.876537322998047,,,
26,val,12162-0,1,3,0.0,1.0,0.0042318862701770125,0.24783341586589813,0.497828701327975,0.4846811294555664,-15.048476174920607,0.7014845871536839,,,,
27,train,12162-0,1,3,0.0,1.0,8.282144545500491e-05,0.005189462564885616,0.07203792449040725,0.045425448566675186,0.5679565212076356,0.11014875297446326,8.889695405960083,,,
27,val,12162-0,1,3,0.0,1.0,0.004195321712815812,0.24565735459327698,0.4956383304318553,0.48221248388290405,-14.907569961724473,0.696471038044529,,,,
28,train,12162-0,1,3,0.0,1.0,7.931417282281627e-05,0.004943953827023506,0.07031325498811378,0.04568382725119591,0.588398123153582,0.10656730638963087,8.713323831558228,,,
28,val,12162-0,1,3,0.0,1.0,0.004124464176375152,0.24151210486888885,0.49143881091025854,0.4779755175113678,-14.639141356987006,0.6882854626012116,,,,
29,train,12162-0,1,3,0.0,1.0,7.842578117369414e-05,0.004911394789814949,0.07008134409252544,0.045091040432453156,0.5911081239651952,0.10638713594426039,8.940198183059692,,,
29,val,12162-0,1,3,0.0,1.0,0.004114008905515389,0.24087946116924286,0.49079472406418845,0.47727835178375244,-14.59817910253521,0.6898398246438626,,,,
30,train,12162-0,1,3,0.0,1.0,7.773640632822256e-05,0.004890323616564274,0.06993084881913185,0.04478498920798302,0.5928644251289092,0.10534983871402309,8.795599222183228,,,
30,val,12162-0,1,3,0.0,1.0,0.004053625627912047,0.23735308647155762,0.48718896382364574,0.4737347364425659,-14.369826750446789,0.6838970358930977,,,,
31,train,12162-0,1,3,0.0,1.0,7.814684414138153e-05,0.0049293204210698605,0.0702091192158815,0.04709891602396965,0.5896174030996314,0.10553852420377766,8.75907278060913,,,
31,val,12162-0,1,3,0.0,1.0,0.00407344429804806,0.23850664496421814,0.488371421117389,0.47484707832336426,-14.444526062707185,0.6860982794806312,,,,
32,train,12162-0,1,3,0.0,1.0,7.841305542469945e-05,0.0048884013667702675,0.06991710353533152,0.044861067086458206,0.5930247229824261,0.10560330314323102,8.937630414962769,,,
32,val,12162-0,1,3,0.0,1.0,0.004030529834047149,0.23601488769054413,0.4858136347309986,0.47249388694763184,-14.283174289376975,0.6834389354441273,,,,
33,train,12162-0,1,3,0.0,1.0,7.678697974362718e-05,0.004819335415959358,0.06942143340467236,0.04523761197924614,0.5987741661185444,0.10494459148685241,8.891301155090332,,,
33,val,12162-0,1,3,0.0,1.0,0.003974920083701862,0.23273737728595734,0.48242862403256853,0.4688412845134735,-14.070934964664769,0.6758680631105396,,,,
34,train,12162-0,1,3,0.0,1.0,8.305073859547345e-05,0.0048330784775316715,0.06952034578115728,0.04606516659259796,0.5976278509980741,0.10598457586439981,8.828827381134033,,,
34,val,12162-0,1,3,0.0,1.0,0.00392288629767261,0.22965611517429352,0.47922449350413376,0.4655102789402008,-13.871409948792024,0.6699926756094868,,,,
35,train,12162-0,1,3,0.0,1.0,7.736563389033053e-05,0.004835678264498711,0.06953904129694852,0.045654863119125366,0.5974119628679364,0.10569767866936802,8.857259511947632,,,
35,val,12162-0,1,3,0.0,1.0,0.0038276608357449625,0.2240530252456665,0.47334239747318907,0.4593956768512726,-13.508584221867427,0.659753549164737,,,,
36,train,12162-0,1,3,0.0,1.0,7.442258106803455e-05,0.004716880619525909,0.06867955022804029,0.04414081573486328,0.6073047012378855,0.10352159576074385,8.823363304138184,,,
36,val,12162-0,1,3,0.0,1.0,0.0038806636373705,0.22718223929405212,0.47663638058173036,0.46291810274124146,-13.711214071552732,0.6664922972493885,,,,
37,train,12162-0,1,3,0.0,1.0,7.483892740815418e-05,0.004692469723522663,0.06850160380255825,0.04381735250353813,0.609336841065481,0.10343605288914542,8.794963359832764,,,
37,val,12162-0,1,3,0.0,1.0,0.003806473710868932,0.2228090465068817,0.4720265315709295,0.4580634534358978,-13.428030871455244,0.6577276487506571,,,,
38,train,12162-0,1,3,0.0,1.0,8.338843755674406e-05,0.0048757269978523254,0.06982640616451863,0.044379591941833496,0.594080515792027,0.10461281556754475,8.885772466659546,,,
38,val,12162-0,1,3,0.0,1.0,0.0037089066289145234,0.21708239614963531,0.46592101921853163,0.45172348618507385,-13.05719745002821,0.6515433467526981,,,,
39,train,12162-0,1,3,0.0,1.0,7.441010739363317e-05,0.004666107706725597,0.06830891381602841,0.04308205097913742,0.6115343730902131,0.10273606749034994,8.849097728729248,,,
39,val,12162-0,1,3,0.0,1.0,0.00373528237584271,0.21860092878341675,0.467547782353223,0.4533531665802002,-13.155527429375912,0.6548866429746063,,,,
40,train,12162-0,1,3,0.0,1.0,8.010213029867784e-05,0.004616156220436096,0.06794230067076104,0.043445903807878494,0.6156912567851309,0.10255345198455,8.711954116821289,,,
40,val,12162-0,1,3,0.0,1.0,0.0036820224820310055,0.21549475193023682,0.4642141229327656,0.45014074444770813,-12.95438636349736,0.6509331951986103,,,,
41,train,12162-0,1,3,0.0,1.0,7.803542674819412e-05,0.004600160289555788,0.0678244814912417,0.04308180510997772,0.6170224308432967,0.10250641112473596,8.757345914840698,,,
41,val,12162-0,1,3,0.0,1.0,0.0036043065761212057,0.21094009280204773,0.45928214944851464,0.44515305757522583,-12.659453104906593,0.6451904498300275,,,,
42,train,12162-0,1,3,0.0,1.0,7.503948277615343e-05,0.004684729501605034,0.06844508383810362,0.044537562876939774,0.6099806831266366,0.10389614505682321,8.819193124771118,,,
42,val,12162-0,1,3,0.0,1.0,0.0034807552642460112,0.2037227749824524,0.45135659403896206,0.43727394938468933,-12.192090667334167,0.6331094407305907,,,,
43,train,12162-0,1,3,0.0,1.0,7.894824319887063e-05,0.004572527017444372,0.06762046300820759,0.043256644159555435,0.6193223225009792,0.10263079097189307,8.861305952072144,,,
43,val,12162-0,1,3,0.0,1.0,0.0034900705648373952,0.20424965023994446,0.4519398745850431,0.43775808811187744,-12.226209263353034,0.634690566281157,,,,
44,train,12162-0,1,3,0.0,1.0,7.364081602025909e-05,0.004627630580216646,0.06802669020477659,0.042613882571458817,0.6147345165628648,0.10282580393765953,8.967952489852905,,,
44,val,12162-0,1,3,0.0,1.0,0.003434882825436974,0.20102275907993317,0.44835561675965785,0.4340929090976715,-12.017252737488478,0.6276700004245834,,,,
45,train,12162-0,1,3,0.0,1.0,7.387884295326433e-05,0.004608533810824156,0.06788618276810206,0.04274310544133186,0.6163248837051372,0.10239713600491245,8.923813343048096,,,
45,val,12162-0,1,3,0.0,1.0,0.003469225475053747,0.20302066206932068,0.4505781420234682,0.43634164333343506,-12.146627893244831,0.6314269817000524,,,,
46,train,12162-0,1,3,0.0,1.0,7.442382737811482e-05,0.004602213855832815,0.06783961862977131,0.04306894913315773,0.6168513203400837,0.10262327784223468,9.000548124313354,,,
46,val,12162-0,1,3,0.0,1.0,0.0034292212644206825,0.20068210363388062,0.4479755614248177,0.4338153004646301,-11.995193036852214,0.6273138907735993,,,,
47,train,12162-0,1,3,0.0,1.0,7.568967736306703e-05,0.0047329142689704895,0.06879617917421352,0.04433842748403549,0.6059719187618232,0.1027156991848971,8.969056129455566,,,
47,val,12162-0,1,3,0.0,1.0,0.0034267459111877634,0.2005413919687271,0.44781848104865785,0.4337652921676636,-11.986084988150191,0.6268815224696043,,,,
48,train,12162-0,1,3,0.0,1.0,7.49713228211876e-05,0.004638176877051592,0.0681041619657095,0.043120816349983215,0.6138587163218583,0.10224749755666004,8.725515365600586,,,
48,val,12162-0,1,3,0.0,1.0,0.0033697858138426445,0.19716021418571472,0.4440272673898696,0.42972230911254883,-11.767135076854544,0.6209290356417162,,,,
49,train,12162-0,1,3,0.0,1.0,7.358947295110188e-05,0.00458298996090889,0.0676977840177128,0.042736515402793884,0.6184530165896531,0.1021577654023671,8.775266408920288,,,
49,val,12162-0,1,3,0.0,1.0,0.0033035294667577947,0.19328930974006653,0.43964680112570653,0.42528244853019714,-11.516473902137179,0.6149044854787653,,,,
50,train,12162-0,1,3,0.0,1.0,7.779638200057679e-05,0.004596635699272156,0.0677984933407237,0.0424724817276001,0.6173167176617215,0.10246007756698039,8.683976173400879,,,
50,val,12162-0,1,3,0.0,1.0,0.003304096528246433,0.19331030547618866,0.43967067843579094,0.4252881407737732,-11.517837550109581,0.6124922996968934,,,,
