round,split,loss,global_num_layers,local_num_layers,model_rate,hetero_fedavg,inclusive_fl,spa_hfl,spc,pattern_weighted_residual_heads,fedprox,fedprox_mu,inclusive_group_count,inclusive_beta,mse,rmse,mae,r2,nrmse,align_train_loss,align_train_rmse,latent_mean_norm
1,train,,3.0,2.7427680582019747,0.8872769790403603,0.0,1.0,0.0,0.0,0.0,0.0,0.0,3.0,0.5,0.00378126134250738,0.05604157481610509,0.03655493954445334,0.7621049006638617,0.10679188176281354,,,
1,val,0.0009898845446857398,,2.7629893238434162,0.8955516014234876,0.0,1.0,0.0,0.0,0.0,0.0,0.0,,,0.057868774616394815,0.14424471766970925,0.12844536938038373,-2.0115745736649746,0.2578690924231258,,,
2,train,,3.0,2.7427680582019747,0.8872769790403603,0.0,1.0,0.0,0.0,0.0,0.0,0.0,3.0,0.5,0.003353057421118175,0.051698643852298394,0.03322061055181614,0.7913948121855952,0.09972090995254956,,,
2,val,0.0008941411207371235,,2.7629893238434162,0.8955516014234876,0.0,1.0,0.0,0.0,0.0,0.0,0.0,,,0.0521246690037942,0.12627822974530034,0.10820205136603307,-1.5931985995631321,0.23028817173402472,,,
3,train,,3.0,2.7427680582019747,0.8872769790403603,0.0,1.0,0.0,0.0,0.0,0.0,0.0,3.0,0.5,0.002554981524234684,0.03973763331627962,0.026980128905223062,0.8536003577544251,0.08892081218899732,,,
3,val,0.0008274255879131427,,2.7629893238434162,0.8955516014234876,0.0,1.0,0.0,0.0,0.0,0.0,0.0,,,0.048237335120470286,0.12304861717547998,0.10252500646399645,-1.4095907076614587,0.2256755501491658,,,
4,train,,3.0,2.7427680582019747,0.8872769790403603,0.0,1.0,0.0,0.0,0.0,0.0,0.0,3.0,0.5,0.002279880562280932,0.03559761624318202,0.02391273183902997,0.8726865139953935,0.07967597380806415,,,
4,val,0.0007747983959554689,,2.7629893238434162,0.8955516014234876,0.0,1.0,0.0,0.0,0.0,0.0,0.0,,,0.045149447425190704,0.11832105723115449,0.0971377545450665,-1.2497241356809081,0.2292571365087937,,,
5,train,,3.0,2.7427680582019747,0.8872769790403603,0.0,1.0,0.0,0.0,0.0,0.0,0.0,3.0,0.5,0.0021242706097263616,0.03232141819564627,0.02021598513790666,0.8801251569422437,0.07530763618791507,,,
5,val,0.0007278018930624074,,2.7629893238434162,0.8955516014234876,0.0,1.0,0.0,0.0,0.0,0.0,0.0,,,0.042414185248424704,0.11242668536645424,0.09330409260340751,-1.1077156972433435,0.21253152985916415,,,
6,train,,3.0,2.7427680582019747,0.8872769790403603,0.0,1.0,0.0,0.0,0.0,0.0,0.0,3.0,0.5,0.0021401561329345295,0.032730182852518566,0.02085567838601896,0.8799873568502409,0.07556411584124688,,,
6,val,0.0006897267035196577,,2.7629893238434162,0.8955516014234876,0.0,1.0,0.0,0.0,0.0,0.0,0.0,,,0.040217436082765554,0.10866974875125364,0.08997495341714591,-1.0092007423873501,0.20516236874061794,,,
7,train,,3.0,2.7427680582019747,0.8872769790403603,0.0,1.0,0.0,0.0,0.0,0.0,0.0,3.0,0.5,0.0019625903025112055,0.03150277551859534,0.020191376194778603,0.8877128232126446,0.07220773260198839,,,
7,val,0.0006548349599754691,,2.7629893238434162,0.8955516014234876,0.0,1.0,0.0,0.0,0.0,0.0,0.0,,,0.03817289158941356,0.10265850623221293,0.08837753423685175,-0.8889825633411582,0.18482879009290057,,,
8,train,,3.0,2.7427680582019747,0.8872769790403603,0.0,1.0,0.0,0.0,0.0,0.0,0.0,3.0,0.5,0.001971670733454068,0.03091832506947661,0.019299384210405203,0.8885797618337058,0.07092246677623548,,,
8,val,0.0006195151570857781,,2.7629893238434162,0.8955516014234876,0.0,1.0,0.0,0.0,0.0,0.0,0.0,,,0.036155084336799606,0.10070065125412984,0.08527148498016744,-0.8113296215297886,0.18324877520210012,,,
9,train,,3.0,2.7427680582019747,0.8872769790403603,0.0,1.0,0.0,0.0,0.0,0.0,0.0,3.0,0.5,0.0018641341278256413,0.030003366293545983,0.01827419524076373,0.892954880978243,0.06976085190781395,,,
9,val,0.0006092980219752505,,2.7629893238434162,0.8955516014234876,0.0,1.0,0.0,0.0,0.0,0.0,0.0,,,0.03556148962033216,0.09693878996188543,0.08267590518497275,-0.7752583088749117,0.17249665802794256,,,
10,train,,3.0,2.7427680582019747,0.8872769790403603,0.0,1.0,0.0,0.0,0.0,0.0,0.0,3.0,0.5,0.002002630132870496,0.03077545944439693,0.019197040212884476,0.8850807044609241,0.0708507363051307,,,
10,val,0.0005830726402402492,,2.7629893238434162,0.8955516014234876,0.0,1.0,0.0,0.0,0.0,0.0,0.0,,,0.03409082402509978,0.09603159916661977,0.08126426630278924,-0.7321990603702729,0.1708424912057135,,,
11,train,,3.0,2.7427680582019747,0.8872769790403603,0.0,1.0,0.0,0.0,0.0,0.0,0.0,3.0,0.5,0.0018275107752423116,0.03033194413943556,0.01914386924729848,0.8930401148916602,0.068056259383514,,,
11,val,0.0005575082441554453,,2.7629893238434162,0.8955516014234876,0.0,1.0,0.0,0.0,0.0,0.0,0.0,,,0.03262469198207166,0.09188296097634358,0.07792095428935891,-0.6612126545049204,0.16171162757514532,,,
12,train,,3.0,2.7427680582019747,0.8872769790403603,0.0,1.0,0.0,0.0,0.0,0.0,0.0,3.0,0.5,0.0018460306458557279,0.029938912237620588,0.01859283883517575,0.8915205750291116,0.06668933881309312,,,
12,val,0.0005340756823192531,,2.7629893238434162,0.8955516014234876,0.0,1.0,0.0,0.0,0.0,0.0,0.0,,,0.031313393566383754,0.09120379316656475,0.07769831176316928,-0.6233187607715699,0.16103790730432446,,,
13,train,,3.0,2.7427680582019747,0.8872769790403603,0.0,1.0,0.0,0.0,0.0,0.0,0.0,3.0,0.5,0.0018439060590988473,0.029564276515371295,0.017899458469415177,0.8907297429076028,0.06817773608665693,,,
13,val,0.0005117149533245435,,2.7629893238434162,0.8955516014234876,0.0,1.0,0.0,0.0,0.0,0.0,0.0,,,0.030058135570182706,0.08857047309525608,0.07512883542443616,-0.5804800929896845,0.15745218692837099,,,
14,train,,3.0,2.7427680582019747,0.8872769790403603,0.0,1.0,0.0,0.0,0.0,0.0,0.0,3.0,0.5,0.0018726296645942512,0.029447421151617626,0.018243066594762852,0.8918604130961213,0.06643542072234565,,,
14,val,0.0004912707438158976,,2.7629893238434162,0.8955516014234876,0.0,1.0,0.0,0.0,0.0,0.0,0.0,,,0.0289147397669594,0.08645792815800475,0.07259894924377526,-0.5447485358139575,0.15095204493263098,,,
15,train,,3.0,2.7427680582019747,0.8872769790403603,0.0,1.0,0.0,0.0,0.0,0.0,0.0,3.0,0.5,0.0018976391499073645,0.029215612717854608,0.017429723149052907,0.8874411285564061,0.06670207511946585,,,
15,val,0.0004756003405509222,,2.7629893238434162,0.8955516014234876,0.0,1.0,0.0,0.0,0.0,0.0,0.0,,,0.028030778359794936,0.08484323522731504,0.0714303146205922,-0.5190608446861303,0.1451549958346248,,,
16,train,,3.0,2.7427680582019747,0.8872769790403603,0.0,1.0,0.0,0.0,0.0,0.0,0.0,3.0,0.5,0.0018873020906679332,0.029365054810212707,0.01781418207709715,0.8908264367950156,0.06567471500339052,,,
16,val,0.00045091265686216203,,2.7629893238434162,0.8955516014234876,0.0,1.0,0.0,0.0,0.0,0.0,0.0,,,0.026597295654150473,0.08152042282708369,0.06853735357841138,-0.4531549553303069,0.13987127483764822,,,
17,train,,3.0,2.7427680582019747,0.8872769790403603,0.0,1.0,0.0,0.0,0.0,0.0,0.0,3.0,0.5,0.0019714935526426464,0.029724198387095526,0.018562162060297996,0.8887780510775867,0.06721183434071977,,,
17,val,0.000431345520237333,,2.7629893238434162,0.8955516014234876,0.0,1.0,0.0,0.0,0.0,0.0,0.0,,,0.025464522741690237,0.08044166243457641,0.0671284791967066,-0.4144003770667682,0.14263260719905477,,,
18,train,,3.0,2.7427680582019747,0.8872769790403603,0.0,1.0,0.0,0.0,0.0,0.0,0.0,3.0,0.5,0.001761576216233526,0.02848915913442818,0.0169382864524585,0.8950008259540564,0.06481666724895006,,,
18,val,0.00040594443815642606,,2.7629893238434162,0.8955516014234876,0.0,1.0,0.0,0.0,0.0,0.0,0.0,,,0.023980256303477023,0.07748408299053626,0.06542166897105683,-0.3419601269925339,0.13532622086242366,,,
19,train,,3.0,2.7427680582019747,0.8872769790403603,0.0,1.0,0.0,0.0,0.0,0.0,0.0,3.0,0.5,0.001773028195095355,0.028669876651083902,0.016899323337091102,0.8943974392805083,0.06656181562295432,,,
19,val,0.0003894431881510619,,2.7629893238434162,0.8955516014234876,0.0,1.0,0.0,0.0,0.0,0.0,0.0,,,0.023009883796545973,0.07592373446006123,0.06364291591894584,-0.3034851184955986,0.13447818232305053,,,
20,train,,3.0,2.7427680582019747,0.8872769790403603,0.0,1.0,0.0,0.0,0.0,0.0,0.0,3.0,0.5,0.001789041188923053,0.02872400330380208,0.017229056289742504,0.8930313015426868,0.06551706081868236,,,
20,val,0.0003958889001403293,,2.7629893238434162,0.8955516014234876,0.0,1.0,0.0,0.0,0.0,0.0,0.0,,,0.023357729800480495,0.07700193085310474,0.06420563935729745,-0.31456165391694574,0.13353159509654317,,,
21,train,,3.0,2.7427680582019747,0.8872769790403603,0.0,1.0,0.0,0.0,0.0,0.0,0.0,3.0,0.5,0.0017150098587783045,0.028087008817209838,0.016706116539138186,0.8965849294782169,0.06383603322442268,,,
21,val,0.00038314626416976745,,2.7629893238434162,0.8955516014234876,0.0,1.0,0.0,0.0,0.0,0.0,0.0,,,0.022606186987625045,0.074852300556586,0.06293640509976929,-0.2733040363701904,0.13018151889720592,,,
22,train,,3.0,2.7427680582019747,0.8872769790403603,0.0,1.0,0.0,0.0,0.0,0.0,0.0,3.0,0.5,0.001775879366342509,0.028301350846177534,0.016825462501123743,0.8936427792766151,0.06495416778754215,,,
22,val,0.0003788713196863488,,2.7629893238434162,0.8955516014234876,0.0,1.0,0.0,0.0,0.0,0.0,0.0,,,0.022341549299011883,0.0742742488271079,0.06270031535606897,-0.26866507254517025,0.12992195705657753,,,
23,train,,3.0,2.7427680582019747,0.8872769790403603,0.0,1.0,0.0,0.0,0.0,0.0,0.0,3.0,0.5,0.0017515325446049266,0.028645626278321446,0.017153728746673716,0.8934178798505357,0.0646105830195132,,,
23,val,0.0003944097634351584,,2.7629893238434162,0.8955516014234876,0.0,1.0,0.0,0.0,0.0,0.0,0.0,,,0.02327524819436195,0.07853345241616583,0.06443848216051097,-0.335727425778129,0.13726689593853617,,,
24,train,,3.0,2.7427680582019747,0.8872769790403603,0.0,1.0,0.0,0.0,0.0,0.0,0.0,3.0,0.5,0.0018440354560083057,0.029310245681988048,0.017563611910904782,0.8896155759863777,0.06643624471552353,,,
24,val,0.0003837962370153198,,2.7629893238434162,0.8955516014234876,0.0,1.0,0.0,0.0,0.0,0.0,0.0,,,0.0226267581054273,0.07518985178293854,0.06333726051452428,-0.2889108737583593,0.13137952435333033,,,
25,train,,3.0,2.7427680582019747,0.8872769790403603,0.0,1.0,0.0,0.0,0.0,0.0,0.0,3.0,0.5,0.0016868787933227887,0.02808019387321326,0.01678584291534032,0.8969291544231496,0.06263400981535397,,,
25,val,0.00038647551269812316,,2.7629893238434162,0.8955516014234876,0.0,1.0,0.0,0.0,0.0,0.0,0.0,,,0.022768724953972825,0.07450554144631061,0.06254070231763918,-0.28736737236937754,0.13049925228334672,,,
26,train,,3.0,2.7427680582019747,0.8872769790403603,0.0,1.0,0.0,0.0,0.0,0.0,0.0,3.0,0.5,0.0017194788147503266,0.028164285249490283,0.01724498577935567,0.8950871652724619,0.06259698071793952,,,
26,val,0.00037427924065117513,,2.7629893238434162,0.8955516014234876,0.0,1.0,0.0,0.0,0.0,0.0,0.0,,,0.022057611906293653,0.07313328063269303,0.061738367255087745,-0.2530373912935882,0.12869856749257913,,,
27,train,,3.0,2.7427680582019747,0.8872769790403603,0.0,1.0,0.0,0.0,0.0,0.0,0.0,3.0,0.5,0.0017500427653322573,0.028452779356540163,0.017142419915848937,0.8930871757818599,0.06359233675357366,,,
27,val,0.00040029861535146287,,2.7629893238434162,0.8955516014234876,0.0,1.0,0.0,0.0,0.0,0.0,0.0,,,0.023552531850365988,0.07558061116322093,0.06376816366941691,-0.32895968061961567,0.13204073533784383,,,
28,train,,3.0,2.7427680582019747,0.8872769790403603,0.0,1.0,0.0,0.0,0.0,0.0,0.0,3.0,0.5,0.0017173926253744413,0.02832025591243357,0.01697854114195957,0.8951960756354832,0.06277145133924168,,,
28,val,0.00041382013745698256,,2.7629893238434162,0.8955516014234876,0.0,1.0,0.0,0.0,0.0,0.0,0.0,,,0.024372984482867403,0.07647069628908444,0.06385746198835587,-0.38065811159552576,0.1342070939948202,,,
29,train,,3.0,2.7427680582019747,0.8872769790403603,0.0,1.0,0.0,0.0,0.0,0.0,0.0,3.0,0.5,0.001724104007776111,0.028380981388307656,0.017403815387463124,0.8943295133179917,0.06295126563446987,,,
29,val,0.0004901949644045413,,2.7629893238434162,0.8955516014234876,0.0,1.0,0.0,0.0,0.0,0.0,0.0,,,0.02881588565413111,0.08251363230303016,0.06966984471392378,-0.6025915672509269,0.1453906586386146,,,
30,train,,3.0,2.7427680582019747,0.8872769790403603,0.0,1.0,0.0,0.0,0.0,0.0,0.0,3.0,0.5,0.001741850032762179,0.028272537100600726,0.017033783995049363,0.8938091473731695,0.0627109988166766,,,
30,val,0.0004807060857313176,,2.7629893238434162,0.8955516014234876,0.0,1.0,0.0,0.0,0.0,0.0,0.0,,,0.02827457105260329,0.08199435106529772,0.07029001484310181,-0.577794826962976,0.1444835437222863,,,
31,train,,3.0,2.7427680582019747,0.8872769790403603,0.0,1.0,0.0,0.0,0.0,0.0,0.0,3.0,0.5,0.0017473845006822123,0.028100225703819627,0.016834779941294103,0.8930757930742244,0.06329885972748008,,,
31,val,0.0004925781702167959,,2.7629893238434162,0.8955516014234876,0.0,1.0,0.0,0.0,0.0,0.0,0.0,,,0.02896097539163864,0.08206047799858913,0.07002224987405899,-0.609059935772402,0.14499684471883253,,,
32,train,,3.0,2.7427680582019747,0.8872769790403603,0.0,1.0,0.0,0.0,0.0,0.0,0.0,3.0,0.5,0.0017214228367705307,0.028284824447259306,0.017082341458092197,0.8932853856632016,0.06293823417777382,,,
32,val,0.0005001050020256307,,2.7629893238434162,0.8955516014234876,0.0,1.0,0.0,0.0,0.0,0.0,0.0,,,0.029400429452932687,0.08257106190419132,0.0704680839076214,-0.6270359589771706,0.14643433933684738,,,
33,train,,3.0,2.7427680582019747,0.8872769790403603,0.0,1.0,0.0,0.0,0.0,0.0,0.0,3.0,0.5,0.0017681587470331128,0.02823658197027329,0.016845055174943342,0.8916176925214827,0.06374766032778238,,,
33,val,0.000513813852050097,,2.7629893238434162,0.8955516014234876,0.0,1.0,0.0,0.0,0.0,0.0,0.0,,,0.03022595098458837,0.08327467267195506,0.07120854778288203,-0.662701832548289,0.1511560420420149,,,
34,train,,3.0,2.7427680582019747,0.8872769790403603,0.0,1.0,0.0,0.0,0.0,0.0,0.0,3.0,0.5,0.0017181294751923036,0.027783623274263494,0.016568556692889716,0.893978301016056,0.06364597427459236,,,
34,val,0.0005282305985851591,,2.7629893238434162,0.8955516014234876,0.0,1.0,0.0,0.0,0.0,0.0,0.0,,,0.031052417980628817,0.08448977924616773,0.07272783958111158,-0.6889785621483366,0.15724033414275518,,,
35,train,,3.0,2.7427680582019747,0.8872769790403603,0.0,1.0,0.0,0.0,0.0,0.0,0.0,3.0,0.5,0.0017132451629126588,0.027757449004948222,0.016254206700064985,0.8944526301274048,0.0620467627880899,,,
35,val,0.0004993436589935053,,2.7629893238434162,0.8955516014234876,0.0,1.0,0.0,0.0,0.0,0.0,0.0,,,0.02940223915513822,0.08184745311545528,0.07034846960676311,-0.6149964612647603,0.15206593796541718,,,
36,train,,3.0,2.7427680582019747,0.8872769790403603,0.0,1.0,0.0,0.0,0.0,0.0,0.0,3.0,0.5,0.001683906897117023,0.028045352742576614,0.01741044504020125,0.8956624252265715,0.061901599432605224,,,
36,val,0.0005375047198392047,,2.7629893238434162,0.8955516014234876,0.0,1.0,0.0,0.0,0.0,0.0,0.0,,,0.03156850210024753,0.08531782274276355,0.07327884242362824,-0.7141125380597774,0.15829787946071694,,,
37,train,,3.0,2.7427680582019747,0.8872769790403603,0.0,1.0,0.0,0.0,0.0,0.0,0.0,3.0,0.5,0.00169425419720693,0.027708957579851274,0.01636489206858408,0.8952932631000051,0.061067806863528355,,,
37,val,0.0005394450243690514,,2.7629893238434162,0.8955516014234876,0.0,1.0,0.0,0.0,0.0,0.0,0.0,,,0.031689002751633756,0.08442664712046302,0.07242825800267932,-0.7255461568479401,0.15660087121002156,,,
38,train,,3.0,2.7427680582019747,0.8872769790403603,0.0,1.0,0.0,0.0,0.0,0.0,0.0,3.0,0.5,0.001716665585932011,0.027969799812952438,0.016599751253435366,0.8953510764774226,0.062031540325513716,,,
38,val,0.0005402929192832194,,2.7629893238434162,0.8955516014234876,0.0,1.0,0.0,0.0,0.0,0.0,0.0,,,0.03174902450594077,0.08457055757253298,0.07230462259927838,-0.7313353075260605,0.15764289633821174,,,
39,train,,3.0,2.7427680582019747,0.8872769790403603,0.0,1.0,0.0,0.0,0.0,0.0,0.0,3.0,0.5,0.0016824744286039082,0.027780385403437108,0.016379047824307328,0.895754982627083,0.06148006643609468,,,
39,val,0.0005076496337279485,,2.7629893238434162,0.8955516014234876,0.0,1.0,0.0,0.0,0.0,0.0,0.0,,,0.029910515458581994,0.08202150664034188,0.06997952272989572,-0.6455524778576,0.1553976202606283,,,
40,train,,3.0,2.7427680582019747,0.8872769790403603,0.0,1.0,0.0,0.0,0.0,0.0,0.0,3.0,0.5,0.0017181690580893234,0.028775299850879905,0.017512361796798014,0.8941081021133614,0.0634519215653577,,,
40,val,0.0005320485102900459,,2.7629893238434162,0.8955516014234876,0.0,1.0,0.0,0.0,0.0,0.0,0.0,,,0.031260790490794735,0.08409691610839684,0.07219643824041101,-0.6871258852334489,0.16278033980377368,,,
41,train,,3.0,2.7427680582019747,0.8872769790403603,0.0,1.0,0.0,0.0,0.0,0.0,0.0,3.0,0.5,0.001606164181510264,0.026846190926506967,0.015512468606842111,0.8999094692203775,0.05970734855731643,,,
41,val,0.0005251942086797369,,2.7629893238434162,0.8955516014234876,0.0,1.0,0.0,0.0,0.0,0.0,0.0,,,0.03084711002239177,0.08339489529298723,0.07131767493218608,-0.6718385010409833,0.15891583293264783,,,
42,train,,3.0,2.7427680582019747,0.8872769790403603,0.0,1.0,0.0,0.0,0.0,0.0,0.0,3.0,0.5,0.0016611238100986208,0.02751786130070851,0.015803191226208702,0.8975159600631729,0.06151396207310794,,,
42,val,0.0005526054664713495,,2.7629893238434162,0.8955516014234876,0.0,1.0,0.0,0.0,0.0,0.0,0.0,,,0.03230762719621035,0.08476549342531164,0.07262098659724793,-0.724507862933566,0.16326109928637153,,,
43,train,,3.0,2.7427680582019747,0.8872769790403603,0.0,1.0,0.0,0.0,0.0,0.0,0.0,3.0,0.5,0.0016439574419452596,0.027346844152402332,0.01608389276925977,0.8987231312230397,0.0605069564701875,,,
43,val,0.0006005018680301471,,2.7629893238434162,0.8955516014234876,0.0,1.0,0.0,0.0,0.0,0.0,0.0,,,0.03494821310217751,0.08806524559412547,0.07621819076138248,-0.8344681016414368,0.168781400906068,,,
44,train,,3.0,2.7427680582019747,0.8872769790403603,0.0,1.0,0.0,0.0,0.0,0.0,0.0,3.0,0.5,0.0016331194757881451,0.02715079134155328,0.015823423299840357,0.8994023736195246,0.06093671305956,,,
44,val,0.0005744254098594202,,2.7629893238434162,0.8955516014234876,0.0,1.0,0.0,0.0,0.0,0.0,0.0,,,0.0334635389308997,0.08589944895917541,0.07410301244270812,-0.7645053075339252,0.1652605765739545,,,
45,train,,3.0,2.7427680582019747,0.8872769790403603,0.0,1.0,0.0,0.0,0.0,0.0,0.0,3.0,0.5,0.001599789045455983,0.02681833902829255,0.01555465353872558,0.90082882794045,0.05976200857397447,,,
45,val,0.0005735306593070418,,2.7629893238434162,0.8955516014234876,0.0,1.0,0.0,0.0,0.0,0.0,0.0,,,0.03344247660425026,0.08574040852297425,0.073888999742068,-0.7651948308861484,0.16366083571058054,,,
46,train,,3.0,2.7427680582019747,0.8872769790403603,0.0,1.0,0.0,0.0,0.0,0.0,0.0,3.0,0.5,0.00162508722698097,0.027354591117924983,0.016214567228899093,0.899600864429877,0.06067747393710248,,,
46,val,0.0006003059836161179,,2.7629893238434162,0.8955516014234876,0.0,1.0,0.0,0.0,0.0,0.0,0.0,,,0.0349281033726506,0.08767240373832796,0.07527075379530093,-0.8207520261711468,0.17022828962882633,,,
47,train,,3.0,2.7427680582019747,0.8872769790403603,0.0,1.0,0.0,0.0,0.0,0.0,0.0,3.0,0.5,0.001637488273546012,0.027295135366043326,0.01596811450639552,0.8991355091546329,0.06190775938727506,,,
47,val,0.0005739510290085138,,2.7629893238434162,0.8955516014234876,0.0,1.0,0.0,0.0,0.0,0.0,0.0,,,0.03339670768267188,0.08504883235904954,0.07368867064915677,-0.7468079934004606,0.16723969837849997,,,
48,train,,3.0,2.7427680582019747,0.8872769790403603,0.0,1.0,0.0,0.0,0.0,0.0,0.0,3.0,0.5,0.0016357118263282343,0.02718460317101231,0.015980749882411785,0.8997598886309564,0.06062346451731116,,,
48,val,0.0005764877230513999,,2.7629893238434162,0.8955516014234876,0.0,1.0,0.0,0.0,0.0,0.0,0.0,,,0.03358811769819672,0.08558617592513336,0.07369603792245225,-0.7632968213894314,0.16687496876462446,,,
49,train,,3.0,2.7427680582019747,0.8872769790403603,0.0,1.0,0.0,0.0,0.0,0.0,0.0,3.0,0.5,0.0016099296842317318,0.027140572796422603,0.01581094594319507,0.9003996647489765,0.06095510875268262,,,
49,val,0.0005656213933376369,,2.7629893238434162,0.8955516014234876,0.0,1.0,0.0,0.0,0.0,0.0,0.0,,,0.032977999368708606,0.08474217624538276,0.07283933612938931,-0.7386672795532998,0.16350420632093113,,,
50,train,,3.0,2.7427680582019747,0.8872769790403603,0.0,1.0,0.0,0.0,0.0,0.0,0.0,3.0,0.5,0.0016026910847603973,0.02777199368194528,0.01698328004991863,0.9003279239606556,0.0610205517443121,,,
50,val,0.0005432715570152976,,2.7629893238434162,0.8955516014234876,0.0,1.0,0.0,0.0,0.0,0.0,0.0,,,0.03167881902364858,0.08295867603352315,0.07123820525975202,-0.6744255414534579,0.15869513669638274,,,
51,train,,3.0,2.7427680582019747,0.8872769790403603,0.0,1.0,0.0,0.0,0.0,0.0,0.0,3.0,0.5,0.001635015516250013,0.027157958780749083,0.015866722187534536,0.8991568403394357,0.061590935172839714,,,
51,val,0.000540205280061583,,2.7629893238434162,0.8955516014234876,0.0,1.0,0.0,0.0,0.0,0.0,0.0,,,0.03151302834109153,0.08284547707201893,0.07103817704468435,-0.6654911358385722,0.15741487596779558,,,
52,train,,3.0,2.7427680582019747,0.8872769790403603,0.0,1.0,0.0,0.0,0.0,0.0,0.0,3.0,0.5,0.0015995932939481038,0.026984653931370544,0.015806153677534598,0.9012045841791756,0.060637275598695535,,,
52,val,0.0005374777999979571,,2.7629893238434162,0.8955516014234876,0.0,1.0,0.0,0.0,0.0,0.0,0.0,,,0.03135994025580651,0.08253115069596863,0.07090189658383776,-0.6630348837444595,0.1585127734541906,,,
53,train,,3.0,2.7427680582019747,0.8872769790403603,0.0,1.0,0.0,0.0,0.0,0.0,0.0,3.0,0.5,0.0016883042182552095,0.027868882558585637,0.01694044193443122,0.8986948874344378,0.06206190162610553,,,
53,val,0.0005232632432674294,,2.7629893238434162,0.8955516014234876,0.0,1.0,0.0,0.0,0.0,0.0,0.0,,,0.030564967861547783,0.08115870830208476,0.0695047126390252,-0.6196184640536462,0.154676899182933,,,
54,train,,3.0,2.7427680582019747,0.8872769790403603,0.0,1.0,0.0,0.0,0.0,0.0,0.0,3.0,0.5,0.0016330512164340091,0.026962294315530055,0.015547708683185345,0.8984830392588895,0.06061660926690638,,,
54,val,0.0005144492672624182,,2.7629893238434162,0.8955516014234876,0.0,1.0,0.0,0.0,0.0,0.0,0.0,,,0.030062846294119525,0.08111577335262549,0.06945080197850421,-0.6032152893484404,0.1550736231782138,,,
55,train,,3.0,2.7427680582019747,0.8872769790403603,0.0,1.0,0.0,0.0,0.0,0.0,0.0,3.0,0.5,0.0015877754279344392,0.027067538474632894,0.01606930795162929,0.9011019744824074,0.061303842671667746,,,
55,val,0.000563873850303294,,2.7629893238434162,0.8955516014234876,0.0,1.0,0.0,0.0,0.0,0.0,0.0,,,0.032819574032390234,0.08790148821797675,0.07307151011572455,-0.715049140130936,0.17005404902122326,,,
56,train,,3.0,2.7427680582019747,0.8872769790403603,0.0,1.0,0.0,0.0,0.0,0.0,0.0,3.0,0.5,0.001571417017126243,0.0269239649950749,0.015953932769345557,0.9024082620651673,0.05996047807791441,,,
56,val,0.0005658368727538435,,2.7629893238434162,0.8955516014234876,0.0,1.0,0.0,0.0,0.0,0.0,0.0,,,0.03293440427612082,0.08429531344809513,0.0722566164950459,-0.7182639319703552,0.1628576508291476,,,
57,train,,3.0,2.7427680582019747,0.8872769790403603,0.0,1.0,0.0,0.0,0.0,0.0,0.0,3.0,0.5,0.0015813143331913414,0.0272156578094222,0.01666933010474574,0.901919470340259,0.06061365962106896,,,
57,val,0.0005669385456924916,,2.7629893238434162,0.8955516014234876,0.0,1.0,0.0,0.0,0.0,0.0,0.0,,,0.03300979534377223,0.08408516362044494,0.0725519024823325,-0.7161115751263081,0.16103859745820337,,,
58,train,,3.0,2.7427680582019747,0.8872769790403603,0.0,1.0,0.0,0.0,0.0,0.0,0.0,3.0,0.5,0.0015912773396177802,0.027115729265800966,0.01602684672515037,0.9015367123128212,0.060518369105414326,,,
58,val,0.0005331910097024015,,2.7629893238434162,0.8955516014234876,0.0,1.0,0.0,0.0,0.0,0.0,0.0,,,0.031045933500741398,0.08238703585404522,0.07047652372778841,-0.6246040806895315,0.15884410010068117,,,
59,train,,3.0,2.7427680582019747,0.8872769790403603,0.0,1.0,0.0,0.0,0.0,0.0,0.0,3.0,0.5,0.0015561068350549003,0.02657841795216248,0.015686910480171155,0.9027943475297766,0.05953120456272723,,,
59,val,0.0005209101031248281,,2.7629893238434162,0.8955516014234876,0.0,1.0,0.0,0.0,0.0,0.0,0.0,,,0.0303179858062558,0.08133297136121395,0.0698039893591213,-0.5860010771318039,0.1573320021645643,,,
60,train,,3.0,2.7427680582019747,0.8872769790403603,0.0,1.0,0.0,0.0,0.0,0.0,0.0,3.0,0.5,0.001577649361045307,0.026975548901283834,0.0158825835941281,0.9023082248388261,0.05967066802177392,,,
60,val,0.0005011648197640274,,2.7629893238434162,0.8955516014234876,0.0,1.0,0.0,0.0,0.0,0.0,0.0,,,0.02923086237896058,0.07996081773846567,0.06881315122786047,-0.5454839469248189,0.15393425582815642,,,
61,train,,3.0,2.7427680582019747,0.8872769790403603,0.0,1.0,0.0,0.0,0.0,0.0,0.0,3.0,0.5,0.0015556922752068963,0.026544593505872963,0.015405440014383225,0.9032617999514965,0.05897798205962277,,,
61,val,0.0005243737828828717,,2.7629893238434162,0.8955516014234876,0.0,1.0,0.0,0.0,0.0,0.0,0.0,,,0.030558495764014496,0.0814331116655452,0.06992002084944066,-0.6065697791750653,0.15741766328168283,,,
62,train,,3.0,2.7427680582019747,0.8872769790403603,0.0,1.0,0.0,0.0,0.0,0.0,0.0,3.0,0.5,0.001557380664002627,0.026505916133620324,0.015442744472880215,0.9029447985506754,0.0597699279586903,,,
62,val,0.0004976558798456174,,2.7629893238434162,0.8955516014234876,0.0,1.0,0.0,0.0,0.0,0.0,0.0,,,0.029028384721669322,0.07881486511642356,0.06737682343099359,-0.5354974806355774,0.15125433430098126,,,
63,train,,3.0,2.7427680582019747,0.8872769790403603,0.0,1.0,0.0,0.0,0.0,0.0,0.0,3.0,0.5,0.0016174122146184876,0.02710924291173735,0.016125302394136086,0.9014603444984274,0.060529060962099014,,,
63,val,0.00048771224429220377,,2.7629893238434162,0.8955516014234876,0.0,1.0,0.0,0.0,0.0,0.0,0.0,,,0.02845672029741705,0.07853460483313887,0.06672729885245399,-0.5032479752249919,0.15139059891659223,,,
64,train,,3.0,2.7427680582019747,0.8872769790403603,0.0,1.0,0.0,0.0,0.0,0.0,0.0,3.0,0.5,0.001572580157742446,0.027029917102566567,0.015620207473962838,0.9023801784869698,0.06070602685407787,,,
64,val,0.0005066825815890792,,2.7629893238434162,0.8955516014234876,0.0,1.0,0.0,0.0,0.0,0.0,0.0,,,0.029502350468761488,0.07907056357804662,0.06760510533544305,-0.5471751165998902,0.151255477329671,,,
65,train,,3.0,2.7427680582019747,0.8872769790403603,0.0,1.0,0.0,0.0,0.0,0.0,0.0,3.0,0.5,0.0016224372992014267,0.026965177063985386,0.015687971613552985,0.9016164102188763,0.059975167849225776,,,
65,val,0.0004955292438853414,,2.7629893238434162,0.8955516014234876,0.0,1.0,0.0,0.0,0.0,0.0,0.0,,,0.028854313470589765,0.0787453953301971,0.06736154062706592,-0.5161294481391835,0.15011313214728075,,,
66,train,,3.0,2.7427680582019747,0.8872769790403603,0.0,1.0,0.0,0.0,0.0,0.0,0.0,3.0,0.5,0.0015573406320216058,0.026550766205030066,0.01536823324497777,0.9031222165917578,0.05988527186390662,,,
66,val,0.00047662383650516263,,2.7629893238434162,0.8955516014234876,0.0,1.0,0.0,0.0,0.0,0.0,0.0,,,0.027753889307796497,0.07771583908665597,0.06649587668173572,-0.46497294385561055,0.14757673683188113,,,
67,train,,3.0,2.7427680582019747,0.8872769790403603,0.0,1.0,0.0,0.0,0.0,0.0,0.0,3.0,0.5,0.0015902767308123224,0.027042078523642894,0.015778486943791952,0.9026210552354104,0.06036738249180694,,,
67,val,0.0004395995867304216,,2.7629893238434162,0.8955516014234876,0.0,1.0,0.0,0.0,0.0,0.0,0.0,,,0.025684093315250844,0.07987326022541227,0.06414225285050867,-0.379939272135595,0.15171231240063912,,,
68,train,,3.0,2.7427680582019747,0.8872769790403603,0.0,1.0,0.0,0.0,0.0,0.0,0.0,3.0,0.5,0.0015332010138876663,0.026346225989042554,0.01517186475691521,0.9046481131789578,0.05984684872968847,,,
68,val,0.00045955479692899235,,2.7629893238434162,0.8955516014234876,0.0,1.0,0.0,0.0,0.0,0.0,0.0,,,0.026733100829735894,0.07633855763154677,0.0648572482659193,-0.4136383725966977,0.14747872913623394,,,
69,train,,3.0,2.7427680582019747,0.8872769790403603,0.0,1.0,0.0,0.0,0.0,0.0,0.0,3.0,0.5,0.0015951084474434554,0.02706197110237725,0.0157896317047545,0.9028128705098525,0.06030479041534421,,,
69,val,0.00043643202850060763,,2.7629893238434162,0.8955516014234876,0.0,1.0,0.0,0.0,0.0,0.0,0.0,,,0.0254117500226803,0.07446149628889497,0.06345925830516738,-0.35045352076542596,0.1443672302591194,,,
70,train,,3.0,2.7427680582019747,0.8872769790403603,0.0,1.0,0.0,0.0,0.0,0.0,0.0,3.0,0.5,0.0015278741541147713,0.026412670432073848,0.015619012442795425,0.9048061762869989,0.05932754361084019,,,
70,val,0.0004621279069026538,,2.7629893238434162,0.8955516014234876,0.0,1.0,0.0,0.0,0.0,0.0,0.0,,,0.026868257179522383,0.07627275114705319,0.06512347623056258,-0.4150634951985016,0.1488303300366877,,,
71,train,,3.0,2.7427680582019747,0.8872769790403603,0.0,1.0,0.0,0.0,0.0,0.0,0.0,3.0,0.5,0.00151224720360724,0.02633816330227463,0.015219342442137114,0.9056104040683683,0.05888768007509652,,,
71,val,0.00047997451080548307,,2.7629893238434162,0.8955516014234876,0.0,1.0,0.0,0.0,0.0,0.0,0.0,,,0.02791293986700765,0.07764989695902082,0.066851623786209,-0.46163306885309546,0.1516046632260704,,,
72,train,,3.0,2.7427680582019747,0.8872769790403603,0.0,1.0,0.0,0.0,0.0,0.0,0.0,3.0,0.5,0.0015365490833275472,0.02642250261930588,0.015626330005386373,0.9048604878429389,0.06020170615445593,,,
72,val,0.0004566013996479416,,2.7629893238434162,0.8955516014234876,0.0,1.0,0.0,0.0,0.0,0.0,0.0,,,0.02655962004642801,0.0766536923870462,0.06556927959676633,-0.41064054063714556,0.1501774964207919,,,
73,train,,3.0,2.7427680582019747,0.8872769790403603,0.0,1.0,0.0,0.0,0.0,0.0,0.0,3.0,0.5,0.0016166785311428611,0.027019422001689962,0.015700190260144242,0.9010909006264154,0.060673759137127935,,,
73,val,0.00043689336026720565,,2.7629893238434162,0.8955516014234876,0.0,1.0,0.0,0.0,0.0,0.0,0.0,,,0.025455577888563723,0.07434946496631771,0.06373045982269311,-0.36577265758254507,0.14575955180349698,,,
74,train,,3.0,2.7427680582019747,0.8872769790403603,0.0,1.0,0.0,0.0,0.0,0.0,0.0,3.0,0.5,0.0016227376459033679,0.026984918887241787,0.015861059098041322,0.9025451132390166,0.06093175438933,,,
74,val,0.0004349575427687953,,2.7629893238434162,0.8955516014234876,0.0,1.0,0.0,0.0,0.0,0.0,0.0,,,0.02532614094503075,0.07390218087292469,0.06345113531630023,-0.3518795897607622,0.14499328354052177,,,
75,train,,3.0,2.7427680582019747,0.8872769790403603,0.0,1.0,0.0,0.0,0.0,0.0,0.0,3.0,0.5,0.0015493121225726727,0.026957393646900026,0.016540827751017704,0.9044003636026909,0.06052272938021256,,,
75,val,0.00042763176643364017,,2.7629893238434162,0.8955516014234876,0.0,1.0,0.0,0.0,0.0,0.0,0.0,,,0.024932060265616146,0.07312664384835894,0.06273653221604981,-0.3399228686723659,0.1429694043207151,,,
76,train,,3.0,2.7427680582019747,0.8872769790403603,0.0,1.0,0.0,0.0,0.0,0.0,0.0,3.0,0.5,0.0015467817137671228,0.026666665828671613,0.015647763245129724,0.903993544588641,0.06023994770424229,,,
76,val,0.0004290087157240777,,2.7629893238434162,0.8955516014234876,0.0,1.0,0.0,0.0,0.0,0.0,0.0,,,0.024965594512349563,0.0734635815438866,0.06293477380973059,-0.3363671486423266,0.14460761343669737,,,
77,train,,3.0,2.7427680582019747,0.8872769790403603,0.0,1.0,0.0,0.0,0.0,0.0,0.0,3.0,0.5,0.0015633469054058718,0.026677924232894706,0.015649351597954445,0.9047477480753838,0.06025007759389855,,,
77,val,0.00038998057717399984,,2.7629893238434162,0.8955516014234876,0.0,1.0,0.0,0.0,0.0,0.0,0.0,,,0.02278254859698804,0.07060104911765462,0.06025946727486533,-0.2406027062701991,0.1382559992447938,,,
78,train,,3.0,2.7427680582019747,0.8872769790403603,0.0,1.0,0.0,0.0,0.0,0.0,0.0,3.0,0.5,0.0016729601758955692,0.027437637552717647,0.016468938434438123,0.8994171080656863,0.06271060042255928,,,
78,val,0.0004034126559288462,,2.7629893238434162,0.8955516014234876,0.0,1.0,0.0,0.0,0.0,0.0,0.0,,,0.02354131597134631,0.07155106609757421,0.06134354921150621,-0.279272933281197,0.1404840924514933,,,
79,train,,3.0,2.7427680582019747,0.8872769790403603,0.0,1.0,0.0,0.0,0.0,0.0,0.0,3.0,0.5,0.0015295441984020523,0.026496496450035798,0.015647885458430648,0.9054849256250789,0.05961052482895135,,,
79,val,0.0003950243394774265,,2.7629893238434162,0.8955516014234876,0.0,1.0,0.0,0.0,0.0,0.0,0.0,,,0.02308503038857258,0.07032076898046799,0.06030549651336627,-0.26213201413614595,0.13823813270453805,,,
80,train,,3.0,2.7427680582019747,0.8872769790403603,0.0,1.0,0.0,0.0,0.0,0.0,0.0,3.0,0.5,0.0015577132489105621,0.026603599350934856,0.015488597436590423,0.9041493479705329,0.06067842397753517,,,
80,val,0.0003629432500727107,,2.7629893238434162,0.8955516014234876,0.0,1.0,0.0,0.0,0.0,0.0,0.0,,,0.021216492294280017,0.06808468167736571,0.05770856689270652,-0.17554198174978397,0.13483208970768873,,,
81,train,,3.0,2.7427680582019747,0.8872769790403603,0.0,1.0,0.0,0.0,0.0,0.0,0.0,3.0,0.5,0.0014967664644787604,0.026072178591586104,0.015056922670280203,0.9067947168253476,0.059199288081811616,,,
81,val,0.00036444187820997416,,2.7629893238434162,0.8955516014234876,0.0,1.0,0.0,0.0,0.0,0.0,0.0,,,0.0213076057607719,0.0683158037348053,0.05840609023791615,-0.18157485029884238,0.13485813798237006,,,
82,train,,3.0,2.7427680582019747,0.8872769790403603,0.0,1.0,0.0,0.0,0.0,0.0,0.0,3.0,0.5,0.001571521922592697,0.027130412016183058,0.016366921908075496,0.9039626588824586,0.06063135205286084,,,
82,val,0.0003603209518606811,,2.7629893238434162,0.8955516014234876,0.0,1.0,0.0,0.0,0.0,0.0,0.0,,,0.021096064450040714,0.06781533929883986,0.057772823150710494,-0.17528282455790867,0.13409241664864496,,,
83,train,,3.0,2.7427680582019747,0.8872769790403603,0.0,1.0,0.0,0.0,0.0,0.0,0.0,3.0,0.5,0.0015081010992597245,0.02641395044432537,0.015379336881910274,0.906685200046945,0.05940474536104914,,,
83,val,0.00034601736971122995,,2.7629893238434162,0.8955516014234876,0.0,1.0,0.0,0.0,0.0,0.0,0.0,,,0.02025465246735744,0.06667740896066192,0.05657541660287043,-0.13980291343999812,0.13230727841689016,,,
84,train,,3.0,2.7427680582019747,0.8872769790403603,0.0,1.0,0.0,0.0,0.0,0.0,0.0,3.0,0.5,0.0014897609302726702,0.02631346918314632,0.015576295476395843,0.9076550134925554,0.05854141565466311,,,
84,val,0.0003433080562436056,,2.7629893238434162,0.8955516014234876,0.0,1.0,0.0,0.0,0.0,0.0,0.0,,,0.02009602441370932,0.06612416351217032,0.05580959480713218,-0.1316326661364799,0.13287516050735132,,,
85,train,,3.0,2.7427680582019747,0.8872769790403603,0.0,1.0,0.0,0.0,0.0,0.0,0.0,3.0,0.5,0.0015336682479482658,0.02646379657251016,0.015549729373678694,0.9062148605124591,0.05980417373957445,,,
85,val,0.00032999681881662723,,2.7629893238434162,0.8955516014234876,0.0,1.0,0.0,0.0,0.0,0.0,0.0,,,0.019314733051226367,0.0651475499408751,0.05482494850142518,-0.09407977973051163,0.13144187924198503,,,
86,train,,3.0,2.7427680582019747,0.8872769790403603,0.0,1.0,0.0,0.0,0.0,0.0,0.0,3.0,0.5,0.0014630638632764903,0.026196818763916867,0.01552588331509719,0.9084169695533798,0.05880796794102181,,,
86,val,0.0003237200499289458,,2.7629893238434162,0.8955516014234876,0.0,1.0,0.0,0.0,0.0,0.0,0.0,,,0.018942194747315136,0.06483087857127709,0.05457041596403856,-0.07545364852051838,0.12987973144567683,,,
87,train,,3.0,2.7427680582019747,0.8872769790403603,0.0,1.0,0.0,0.0,0.0,0.0,0.0,3.0,0.5,0.0014918996497245945,0.02632013922013671,0.0153441927684934,0.9077179819155656,0.05874160251312795,,,
87,val,0.00035819204573592575,,2.7629893238434162,0.8955516014234876,0.0,1.0,0.0,0.0,0.0,0.0,0.0,,,0.021007953249603705,0.06790077239919616,0.05792310866709547,-0.1723325231168506,0.13634736120596277,,,
88,train,,3.0,2.7427680582019747,0.8872769790403603,0.0,1.0,0.0,0.0,0.0,0.0,0.0,3.0,0.5,0.001528645336759908,0.026319072720857872,0.01533175463185344,0.9061919408085428,0.05941637621733038,,,
88,val,0.00036617707016854814,,2.7629893238434162,0.8955516014234876,0.0,1.0,0.0,0.0,0.0,0.0,0.0,,,0.02146281406149356,0.06857961067901619,0.05862345863001096,-0.18946858261775673,0.13744104508913252,,,
89,train,,3.0,2.7427680582019747,0.8872769790403603,0.0,1.0,0.0,0.0,0.0,0.0,0.0,3.0,0.5,0.0014838886050719344,0.026570883361264678,0.015785113044582254,0.9075406411741778,0.05946369906872279,,,
89,val,0.0003608973612422896,,2.7629893238434162,0.8955516014234876,0.0,1.0,0.0,0.0,0.0,0.0,0.0,,,0.02113170129420183,0.06829914034410833,0.05829750872631408,-0.1701441040662471,0.13743613708565697,,,
90,train,,3.0,2.7427680582019747,0.8872769790403603,0.0,1.0,0.0,0.0,0.0,0.0,0.0,3.0,0.5,0.0014325879323888004,0.025782943854130994,0.015122037587186301,0.909841040832718,0.05808204791750442,,,
90,val,0.0003409430272238887,,2.7629893238434162,0.8955516014234876,0.0,1.0,0.0,0.0,0.0,0.0,0.0,,,0.019991941245652244,0.06586451491444878,0.05572280395026998,-0.11754525920457007,0.13318352284064397,,,
91,train,,3.0,2.7427680582019747,0.8872769790403603,0.0,1.0,0.0,0.0,0.0,0.0,0.0,3.0,0.5,0.001597253663088503,0.026775945877292,0.015484749805141888,0.9046640947257397,0.06144907911377443,,,
91,val,0.000334168262077654,,2.7629893238434162,0.8955516014234876,0.0,1.0,0.0,0.0,0.0,0.0,0.0,,,0.019609254357490766,0.06537289211139252,0.05527180579799191,-0.10273937683004265,0.13391916049637756,,,
92,train,,3.0,2.7427680582019747,0.8872769790403603,0.0,1.0,0.0,0.0,0.0,0.0,0.0,3.0,0.5,0.0014775230348790663,0.026015829963955305,0.015095101983528265,0.9087531262973481,0.058916770622981354,,,
92,val,0.00033716876775520256,,2.7629893238434162,0.8955516014234876,0.0,1.0,0.0,0.0,0.0,0.0,0.0,,,0.019778584202339713,0.06572003330051826,0.05592898038643482,-0.10724989790723624,0.13368068959557364,,,
93,train,,3.0,2.7427680582019747,0.8872769790403603,0.0,1.0,0.0,0.0,0.0,0.0,0.0,3.0,0.5,0.0014794949200611118,0.025955003800638036,0.015044226343371651,0.9085073073152142,0.05980094903147035,,,
93,val,0.00033918564086772574,,2.7629893238434162,0.8955516014234876,0.0,1.0,0.0,0.0,0.0,0.0,0.0,,,0.01988649428518633,0.06613095188059943,0.05611551467601038,-0.11425317271501148,0.1351442110794107,,,
94,train,,3.0,2.7427680582019747,0.8872769790403603,0.0,1.0,0.0,0.0,0.0,0.0,0.0,3.0,0.5,0.0015056078523610565,0.02623852229420792,0.01546717622136207,0.9079113378243187,0.05919831654342416,,,
94,val,0.00035267808851542176,,2.7629893238434162,0.8955516014234876,0.0,1.0,0.0,0.0,0.0,0.0,0.0,,,0.020613817292848915,0.07118648328523573,0.05844401547625608,-0.1487876984069864,0.14739858924997742,,,
95,train,,3.0,2.7427680582019747,0.8872769790403603,0.0,1.0,0.0,0.0,0.0,0.0,0.0,3.0,0.5,0.001493681146704614,0.026224315720378588,0.015300604366601706,0.9073998050843257,0.0595724253735301,,,
95,val,0.0003583571209209662,,2.7629893238434162,0.8955516014234876,0.0,1.0,0.0,0.0,0.0,0.0,0.0,,,0.020812023596353812,0.06803242331893991,0.05786684964554802,-0.1360557904948307,0.14382458862291747,,,
96,train,,3.0,2.7427680582019747,0.8872769790403603,0.0,1.0,0.0,0.0,0.0,0.0,0.0,3.0,0.5,0.0015037294598421412,0.026228793764449396,0.015156499796796886,0.9086015915203892,0.05946441525847469,,,
96,val,0.0003527083196211904,,2.7629893238434162,0.8955516014234876,0.0,1.0,0.0,0.0,0.0,0.0,0.0,,,0.020486028126933533,0.06761970533928753,0.05749202071261523,-0.12391374518335477,0.14193338673559402,,,
97,train,,3.0,2.7427680582019747,0.8872769790403603,0.0,1.0,0.0,0.0,0.0,0.0,0.0,3.0,0.5,0.0014684696199386265,0.02596266339120181,0.015205194937725382,0.9093687801402683,0.058141141969744646,,,
97,val,0.00033601272319358803,,2.7629893238434162,0.8955516014234876,0.0,1.0,0.0,0.0,0.0,0.0,0.0,,,0.019539482859068955,0.06596966102788084,0.05613807196400768,-0.07717244123732599,0.13950791295344833,,,
98,train,,3.0,2.7427680582019747,0.8872769790403603,0.0,1.0,0.0,0.0,0.0,0.0,0.0,3.0,0.5,0.0014428332630243648,0.025961281652327247,0.015517817578718411,0.9100792279742526,0.05807967327171331,,,
98,val,0.0003343451296967168,,2.7629893238434162,0.8955516014234876,0.0,1.0,0.0,0.0,0.0,0.0,0.0,,,0.019445101944014002,0.06563507038067855,0.05570777450220865,-0.07014140732988372,0.13833705241394292,,,
99,train,,3.0,2.7427680582019747,0.8872769790403603,0.0,1.0,0.0,0.0,0.0,0.0,0.0,3.0,0.5,0.0014290059939172206,0.02561525313228041,0.014748643538302396,0.9108470836146663,0.05786417024831739,,,
99,val,0.0003390913399430716,,2.7629893238434162,0.8955516014234876,0.0,1.0,0.0,0.0,0.0,0.0,0.0,,,0.0197018841366359,0.06609605295433897,0.055862960733102096,-0.07652990825042812,0.1402218819534407,,,
100,train,,3.0,2.7427680582019747,0.8872769790403603,0.0,1.0,0.0,0.0,0.0,0.0,0.0,3.0,0.5,0.0014422162559751038,0.025665073889475934,0.014908202273941202,0.9099622332607912,0.05790967371501513,,,
100,val,0.0003275970153737161,,2.7629893238434162,0.8955516014234876,0.0,1.0,0.0,0.0,0.0,0.0,0.0,,,0.01904517629251565,0.06541606222079623,0.05544988953995641,-0.04696065354387754,0.13887200248702328,,,
