round,split,cid,local_num_layers,global_num_layers,model_rate,hetero_fedavg,inclusive_fl,spa_hfl,spc,pattern_weighted_residual_heads,fedprox,fedprox_mu,loss,mse,rmse,mae,r2,nrmse,round_train_time_seconds,align_train_loss,align_train_rmse,latent_mean_norm
1,train,12163-0,1,3,0.25,0.0,1.0,0.0,0.0,0.0,0.0,0.0,0.00022714446171048983,0.01331279892474413,0.11538110297940529,0.08037812262773514,0.08377215086885417,0.1617309936780802,7.526397705078125,,,
1,val,12163-0,1,3,0.25,0.0,1.0,0.0,0.0,0.0,0.0,0.0,0.007129745644356128,0.421279639005661,0.6490605819225668,0.6357808113098145,-23.769482227977015,0.9033142098639767,,,,
2,train,12163-0,1,3,0.25,0.0,1.0,0.0,0.0,0.0,0.0,0.0,0.00020561095108899823,0.0127158984541893,0.11276479261803882,0.07660621404647827,0.12485257821860804,0.15730282271318005,7.248853921890259,,,
2,val,12163-0,1,3,0.25,0.0,1.0,0.0,0.0,0.0,0.0,0.0,0.006405774048109095,0.3784812092781067,0.6152082649624488,0.6015993356704712,-21.260559449961637,0.8713007508634347,,,,
3,train,12163-0,1,3,0.25,0.0,1.0,0.0,0.0,0.0,0.0,0.0,0.00020673560895546797,0.012263202108442783,0.11073934309197786,0.07342197000980377,0.15600870091877195,0.156349268563863,7.108353853225708,,,
3,val,12163-0,1,3,0.25,0.0,1.0,0.0,0.0,0.0,0.0,0.0,0.005769414489279316,0.34086036682128906,0.5838324818141665,0.5682520270347595,-19.04098412983247,0.782827433065601,,,,
4,train,12163-0,1,3,0.25,0.0,1.0,0.0,0.0,0.0,0.0,0.0,0.0002008708989878712,0.011732554994523525,0.10831691924405681,0.070884108543396,0.1925293739180052,0.15333653727378055,7.153293132781982,,,
4,val,12163-0,1,3,0.25,0.0,1.0,0.0,0.0,0.0,0.0,0.0,0.0053254623076080775,0.3146205246448517,0.5609104426241783,0.5420767068862915,-17.49480451154519,0.7100717818130106,,,,
5,train,12163-0,1,3,0.25,0.0,1.0,0.0,0.0,0.0,0.0,0.0,0.0001922939294148964,0.011990904808044434,0.10950298995024946,0.07155497372150421,0.1747490923086948,0.1558812935585831,7.051875114440918,,,
5,val,12163-0,1,3,0.25,0.0,1.0,0.0,0.0,0.0,0.0,0.0,0.005157121563259559,0.30467110872268677,0.5519702063723066,0.5287377238273621,-16.90774687627563,0.6618498320439512,,,,
6,train,12163-0,1,3,0.25,0.0,1.0,0.0,0.0,0.0,0.0,0.0,0.00020530569425476994,0.0123938899487257,0.11132784893603981,0.07255497574806213,0.14701434585179063,0.15706146879207972,7.052703380584717,,,
6,val,12163-0,1,3,0.25,0.0,1.0,0.0,0.0,0.0,0.0,0.0,0.005029195345906769,0.2971118688583374,0.5450796903741116,0.5194597244262695,-16.462728971963728,0.6267077387882075,,,,
7,train,12163-0,1,3,0.25,0.0,1.0,0.0,0.0,0.0,0.0,0.0,0.00019603035328985885,0.012013773433864117,0.10960736030880461,0.07199940085411072,0.17317519987949206,0.15516840143966618,7.044200897216797,,,
7,val,12163-0,1,3,0.25,0.0,1.0,0.0,0.0,0.0,0.0,0.0,0.004926271579436612,0.2910284698009491,0.5394705458140872,0.5113783478736877,-16.10365597521116,0.5944661872321191,,,,
8,train,12163-0,1,3,0.25,0.0,1.0,0.0,0.0,0.0,0.0,0.0,0.00020848355678119084,0.012591101229190826,0.11221007632646378,0.07296475023031235,0.13344158764613373,0.15822252142175133,7.0711541175842285,,,
8,val,12163-0,1,3,0.25,0.0,1.0,0.0,0.0,0.0,0.0,0.0,0.004822515611407123,0.2848946154117584,0.5337552017655269,0.5035240650177002,-15.741528956239422,0.5635261449273895,,,,
9,train,12163-0,1,3,0.25,0.0,1.0,0.0,0.0,0.0,0.0,0.0,0.00019969924993400244,0.012111807242035866,0.11005365619567514,0.0718352198600769,0.16642846501535352,0.1553358804172496,6.982746839523315,,,
9,val,12163-0,1,3,0.25,0.0,1.0,0.0,0.0,0.0,0.0,0.0,0.004873093673448522,0.28787484765052795,0.5365396981123838,0.5058125257492065,-15.918607649565015,0.560668469828332,,,,
10,train,12163-0,1,3,0.25,0.0,1.0,0.0,0.0,0.0,0.0,0.0,0.0002042761649411987,0.012699168175458908,0.11269058601080618,0.07313120365142822,0.12600421507464493,0.1590076575491327,7.016554117202759,,,
10,val,12163-0,1,3,0.25,0.0,1.0,0.0,0.0,0.0,0.0,0.0,0.004913249222035146,0.290242075920105,0.5387411956775767,0.5074455738067627,-16.058676708492122,0.5574839538138651,,,,
11,train,12163-0,1,3,0.25,0.0,1.0,0.0,0.0,0.0,0.0,0.0,0.00021076119199503455,0.012473586946725845,0.11168521364408919,0.07280901074409485,0.14152923316731922,0.15739341012080785,6.852118968963623,,,
11,val,12163-0,1,3,0.25,0.0,1.0,0.0,0.0,0.0,0.0,0.0,0.004837020854406719,0.28573477268218994,0.5345416472850267,0.5028626322746277,-15.794479418586961,0.5463511273495156,,,,
12,train,12163-0,1,3,0.25,0.0,1.0,0.0,0.0,0.0,0.0,0.0,0.00020768905868863755,0.012654060497879982,0.11249026845856482,0.07334678620100021,0.12910862712932883,0.15816364822936027,7.009535789489746,,,
12,val,12163-0,1,3,0.25,0.0,1.0,0.0,0.0,0.0,0.0,0.0,0.0048309494171464495,0.285369873046875,0.5342002181269444,0.503367006778717,-15.775031211780533,0.5581068188398823,,,,
13,train,12163-0,1,3,0.25,0.0,1.0,0.0,0.0,0.0,0.0,0.0,0.00020351079034599577,0.012811629101634026,0.1131884671759187,0.07377578318119049,0.11826446777634375,0.15897167103144405,7.148186445236206,,,
13,val,12163-0,1,3,0.25,0.0,1.0,0.0,0.0,0.0,0.0,0.0,0.00490267895445039,0.2896047532558441,0.5381493781988828,0.5076934099197388,-16.025135370526304,0.5654634818123049,,,,
14,train,12163-0,1,3,0.25,0.0,1.0,0.0,0.0,0.0,0.0,0.0,0.00021268652039804209,0.012831618078052998,0.11327673228890829,0.07405836135149002,0.11688863538827468,0.15949700625055688,7.124353885650635,,,
14,val,12163-0,1,3,0.25,0.0,1.0,0.0,0.0,0.0,0.0,0.0,0.00499776332690243,0.2952156364917755,0.543337497778108,0.5142225623130798,-16.35711325311622,0.5792814919877237,,,,
15,train,12163-0,1,3,0.25,0.0,1.0,0.0,0.0,0.0,0.0,0.0,0.00021444151066345155,0.013217412866652012,0.11496700773114003,0.07508222758769989,0.09033710256174882,0.16206096203043982,6.8376898765563965,,,
15,val,12163-0,1,3,0.25,0.0,1.0,0.0,0.0,0.0,0.0,0.0,0.005053456071056897,0.2985032796859741,0.5463545366206581,0.5172188878059387,-16.5513191328234,0.570834827965908,,,,
16,train,12163-0,1,3,0.25,0.0,1.0,0.0,0.0,0.0,0.0,0.0,0.00021409891802922474,0.013066058978438377,0.11430686321668694,0.07501220703125,0.10075365255631319,0.15969185802822988,7.011430263519287,,,
16,val,12163-0,1,3,0.25,0.0,1.0,0.0,0.0,0.0,0.0,0.0,0.004931846751442439,0.29131585359573364,0.5397368373529211,0.5102540254592896,-16.12933750438037,0.5579139583230625,,,,
17,train,12163-0,1,3,0.25,0.0,1.0,0.0,0.0,0.0,0.0,0.0,0.00021265643639498466,0.013316645286977291,0.11539776985270249,0.07557127624750137,0.08350763042314802,0.16168526336177147,6.972173452377319,,,
17,val,12163-0,1,3,0.25,0.0,1.0,0.0,0.0,0.0,0.0,0.0,0.0048880056489872025,0.28871411085128784,0.5373212361811953,0.508863091468811,-15.977481547243185,0.5692106410140055,,,,
18,train,12163-0,1,3,0.25,0.0,1.0,0.0,0.0,0.0,0.0,0.0,0.00021990131228133617,0.01343332976102829,0.11590224226057186,0.07576695829629898,0.07547693697131139,0.16195789825507537,7.291072845458984,,,
18,val,12163-0,1,3,0.25,0.0,1.0,0.0,0.0,0.0,0.0,0.0,0.00473025818414326,0.27938735485076904,0.5285710499552251,0.4999929666519165,-15.428376497385116,0.5503280876481278,,,,
19,train,12163-0,1,3,0.25,0.0,1.0,0.0,0.0,0.0,0.0,0.0,0.00021280127185837558,0.013164632022380829,0.11473723032381786,0.07528279721736908,0.09396984181687063,0.15949399829606387,7.2298667430877686,,,
19,val,12163-0,1,3,0.25,0.0,1.0,0.0,0.0,0.0,0.0,0.0,0.004684910115310411,0.27669891715049744,0.5260217839125082,0.4982168674468994,-15.270237244698782,0.5558085041093103,,,,
20,train,12163-0,1,3,0.25,0.0,1.0,0.0,0.0,0.0,0.0,0.0,0.00022417929388927828,0.01312997005879879,0.11458608143574328,0.07520866394042969,0.0963550834391522,0.15866844355516085,7.1473228931427,,,
20,val,12163-0,1,3,0.25,0.0,1.0,0.0,0.0,0.0,0.0,0.0,0.0046322144536529416,0.2735740542411804,0.5230430711147797,0.495305597782135,-15.086316934921207,0.5479292084377998,,,,
21,train,12163-0,1,3,0.25,0.0,1.0,0.0,0.0,0.0,0.0,0.0,0.0002156304843473391,0.013399016112089157,0.11575411920138806,0.07592921704053879,0.07783867263606173,0.16056260709220413,7.028197288513184,,,
21,val,12163-0,1,3,0.25,0.0,1.0,0.0,0.0,0.0,0.0,0.0,0.004510155458490557,0.2663535177707672,0.5160944853132682,0.48882514238357544,-14.661468586674989,0.5353890588508503,,,,
22,train,12163-0,1,3,0.25,0.0,1.0,0.0,0.0,0.0,0.0,0.0,0.00021360528915037792,0.01328863576054573,0.11527634519078808,0.07642888277769089,0.08543508761766372,0.15857513810482227,7.19071364402771,,,
22,val,12163-0,1,3,0.25,0.0,1.0,0.0,0.0,0.0,0.0,0.0,0.0045365576754139445,0.2678917944431305,0.5175826450366459,0.4914236068725586,-14.7516763425421,0.5536727642331986,,,,
23,train,12163-0,1,3,0.25,0.0,1.0,0.0,0.0,0.0,0.0,0.0,0.00022186647904368556,0.013525708578526974,0.11630007987326137,0.07662878930568695,0.06911917497044853,0.15952332235646588,7.237474679946899,,,
23,val,12163-0,1,3,0.25,0.0,1.0,0.0,0.0,0.0,0.0,0.0,0.004772963025901891,0.2818073332309723,0.5308552846407129,0.5055822134017944,-15.568804469273303,0.5910723542779615,,,,
24,train,12163-0,1,3,0.25,0.0,1.0,0.0,0.0,0.0,0.0,0.0,0.00022086564393935694,0.013629775494337082,0.1167466294774161,0.0770416259765625,0.06195717845485543,0.15979014373131847,6.868967294692993,,,
24,val,12163-0,1,3,0.25,0.0,1.0,0.0,0.0,0.0,0.0,0.0,0.004601575780015454,0.27167239785194397,0.5212220235676386,0.4956998825073242,-14.971595914085519,0.5788552140983684,,,,
25,train,12163-0,1,3,0.25,0.0,1.0,0.0,0.0,0.0,0.0,0.0,0.00022504105571857048,0.013590186834335327,0.1165769567038672,0.07703930139541626,0.06468151293580979,0.15907900946575598,7.25045919418335,,,
25,val,12163-0,1,3,0.25,0.0,1.0,0.0,0.0,0.0,0.0,0.0,0.004555405317982541,0.268917977809906,0.5185730207115542,0.4928838014602661,-14.808733566898521,0.590827378684474,,,,
26,train,12163-0,1,3,0.25,0.0,1.0,0.0,0.0,0.0,0.0,0.0,0.0002202160950821167,0.013625441119074821,0.11672806483050605,0.07739178836345673,0.062255094673638156,0.1586990459839137,7.093111753463745,,,
26,val,12163-0,1,3,0.25,0.0,1.0,0.0,0.0,0.0,0.0,0.0,0.0044577218560729855,0.26312997937202454,0.5129619667889858,0.48752352595329285,-14.467704208911771,0.5840794037703554,,,,
27,train,12163-0,1,3,0.25,0.0,1.0,0.0,0.0,0.0,0.0,0.0,0.00022788233649016077,0.013600695878267288,0.11662202141219852,0.07733841985464096,0.063958514143903,0.15765667141723327,6.9736433029174805,,,
27,val,12163-0,1,3,0.25,0.0,1.0,0.0,0.0,0.0,0.0,0.0,0.004682670602818581,0.27635982632637024,0.5256993687711354,0.4993269443511963,-15.244597266729775,0.6177534514156368,,,,
28,train,12163-0,1,3,0.25,0.0,1.0,0.0,0.0,0.0,0.0,0.0,0.0002256477002957861,0.01370947901159525,0.11708748443619091,0.07791164517402649,0.05647153849043149,0.15823978823261375,6.787454605102539,,,
28,val,12163-0,1,3,0.25,0.0,1.0,0.0,0.0,0.0,0.0,0.0,0.004925751296276784,0.2906578779220581,0.5391269590013638,0.5113322734832764,-16.083965228811113,0.6562793519250506,,,,
29,train,12163-0,1,3,0.25,0.0,1.0,0.0,0.0,0.0,0.0,0.0,0.00023026017135484558,0.013842874206602573,0.11765574446920377,0.07828382402658463,0.047290652519686255,0.15870640775628142,6.899569272994995,,,
29,val,12163-0,1,3,0.25,0.0,1.0,0.0,0.0,0.0,0.0,0.0,0.00566243829857951,0.33421385288238525,0.5781123185700036,0.5466448068618774,-18.64635570446512,0.7628276504660135,,,,
30,train,12163-0,1,3,0.25,0.0,1.0,0.0,0.0,0.0,0.0,0.0,0.0002322960738008072,0.013985937461256981,0.11826215565960643,0.07880328595638275,0.037445135777332994,0.1593161411164955,7.109110355377197,,,
30,val,12163-0,1,3,0.25,0.0,1.0,0.0,0.0,0.0,0.0,0.0,0.005623459312986221,0.3319073021411896,0.5761139662785391,0.5435276031494141,-18.5088285942757,0.7632701448978672,,,,
31,train,12163-0,1,3,0.25,0.0,1.0,0.0,0.0,0.0,0.0,0.0,0.00022871377873661625,0.013996909372508526,0.11830853465624755,0.07887051999568939,0.036689942856085095,0.1591930109853486,6.8289453983306885,,,
31,val,12163-0,1,3,0.25,0.0,1.0,0.0,0.0,0.0,0.0,0.0,0.005738987261232948,0.338739275932312,0.5820131235052282,0.5472841858863831,-18.909159655764814,0.778475488648611,,,,
32,train,12163-0,1,3,0.25,0.0,1.0,0.0,0.0,0.0,0.0,0.0,0.00023267016856915078,0.014025955460965633,0.11843122671392724,0.07898469269275665,0.034690961892201,0.159399309897219,7.1681835651397705,,,
32,val,12163-0,1,3,0.25,0.0,1.0,0.0,0.0,0.0,0.0,0.0,0.0057819666741769525,0.34128761291503906,0.5841982650736298,0.5479177832603455,-19.0590868697345,0.7956988404906016,,,,
33,train,12163-0,1,3,0.25,0.0,1.0,0.0,0.0,0.0,0.0,0.0,0.00023346201945553035,0.014055146835744381,0.11855440453962215,0.07903937995433807,0.03268155889350438,0.15946838786998288,7.051799297332764,,,
33,val,12163-0,1,3,0.25,0.0,1.0,0.0,0.0,0.0,0.0,0.0,0.005857510280005539,0.34574824571609497,0.5880036102917183,0.5503183007240295,-19.321093891731657,0.8121997802380201,,,,
34,train,12163-0,1,3,0.25,0.0,1.0,0.0,0.0,0.0,0.0,0.0,0.00023654976489189859,0.014052323997020721,0.1185424986957029,0.07929269224405289,0.03287558688980888,0.15977550020375847,7.120855808258057,,,
34,val,12163-0,1,3,0.25,0.0,1.0,0.0,0.0,0.0,0.0,0.0,0.0057908228681057316,0.34178414940834045,0.5846230831983462,0.5464378595352173,-19.087291244417795,0.8100641097942678,,,,
35,train,12163-0,1,3,0.25,0.0,1.0,0.0,0.0,0.0,0.0,0.0,0.00023863633517700363,0.014041097834706306,0.11849513844333998,0.07932381331920624,0.03364841964088888,0.15974418658133904,6.987792253494263,,,
35,val,12163-0,1,3,0.25,0.0,1.0,0.0,0.0,0.0,0.0,0.0,0.005641573529203229,0.33293628692626953,0.5770063144596163,0.5387228727340698,-18.566371191782167,0.7975838172415536,,,,
36,train,12163-0,1,3,0.25,0.0,1.0,0.0,0.0,0.0,0.0,0.0,0.00022006900871103185,0.01390040572732687,0.1178999818800956,0.07902204990386963,0.0433312783210234,0.1593131681515231,6.989795923233032,,,
36,val,12163-0,1,3,0.25,0.0,1.0,0.0,0.0,0.0,0.0,0.0,0.005899404297398113,0.3482309579849243,0.5901109709071035,0.548839807510376,-19.46462920631942,0.8241679663030821,,,,
37,train,12163-0,1,3,0.25,0.0,1.0,0.0,0.0,0.0,0.0,0.0,0.00022957754066784094,0.014348491095006466,0.11978518729378214,0.08052653819322586,0.012492656009434194,0.16029206490677725,7.2074198722839355,,,
37,val,12163-0,1,3,0.25,0.0,1.0,0.0,0.0,0.0,0.0,0.0,0.006028616227178131,0.35589542984962463,0.5965697191859679,0.5542551875114441,-19.914592107052115,0.8398447417130946,,,,
38,train,12163-0,1,3,0.25,0.0,1.0,0.0,0.0,0.0,0.0,0.0,0.00022400222502168366,0.013890599831938744,0.11785838889081568,0.07935830950737,0.04400621846888994,0.1592809507639879,7.024427652359009,,,
38,val,12163-0,1,3,0.25,0.0,1.0,0.0,0.0,0.0,0.0,0.0,0.006080584812767898,0.3589686155319214,0.5991398964615204,0.5560702681541443,-20.094148418536548,0.8464078150959459,,,,
39,train,12163-0,1,3,0.25,0.0,1.0,0.0,0.0,0.0,0.0,0.0,0.0002267125445831699,0.013949588872492313,0.11810837765583064,0.0795711949467659,0.03994624419680398,0.15925066948352076,7.041641712188721,,,
39,val,12163-0,1,3,0.25,0.0,1.0,0.0,0.0,0.0,0.0,0.0,0.005846430669353984,0.34508007764816284,0.5874351688894383,0.5446208715438843,-19.27769100289962,0.8317830097989498,,,,
40,train,12163-0,1,3,0.25,0.0,1.0,0.0,0.0,0.0,0.0,0.0,0.0002362391683903204,0.013768872246146202,0.11734083793013497,0.07914329320192337,0.052383977086212036,0.15913243009473294,6.929082155227661,,,
40,val,12163-0,1,3,0.25,0.0,1.0,0.0,0.0,0.0,0.0,0.0,0.005757706326271411,0.33982303738594055,0.5829434255448298,0.5393915176391602,-18.9682930770101,0.8314621188804475,,,,
41,train,12163-0,1,3,0.25,0.0,1.0,0.0,0.0,0.0,0.0,0.0,0.00022977775556596162,0.013620930723845959,0.1167087431336914,0.07895821332931519,0.06256588997498541,0.1589590171347015,7.1477885246276855,,,
41,val,12163-0,1,3,0.25,0.0,1.0,0.0,0.0,0.0,0.0,0.0,0.005787922360223054,0.3416227400302887,0.5844850212197817,0.5398437976837158,-19.072608244083717,0.8330521452592726,,,,
42,train,12163-0,1,3,0.25,0.0,1.0,0.0,0.0,0.0,0.0,0.0,0.0002218444969549058,0.013501464389264584,0.11619580194337739,0.07891703397035599,0.07078773501745736,0.1585335654714881,6.828564405441284,,,
42,val,12163-0,1,3,0.25,0.0,1.0,0.0,0.0,0.0,0.0,0.0,0.005816165090613224,0.34329545497894287,0.5859142044522755,0.5403554439544678,-19.17073944362623,0.8404828263279608,,,,
43,train,12163-0,1,3,0.25,0.0,1.0,0.0,0.0,0.0,0.0,0.0,0.00021976218571536222,0.013511428609490395,0.11623867088663047,0.079771488904953,0.07010212125732762,0.15864297889674678,7.021019220352173,,,
43,val,12163-0,1,3,0.25,0.0,1.0,0.0,0.0,0.0,0.0,0.0,0.0060191134360269155,0.35533004999160767,0.5960956718443841,0.5497158765792847,-19.875676329736947,0.852204025047225,,,,
44,train,12163-0,1,3,0.25,0.0,1.0,0.0,0.0,0.0,0.0,0.0,0.0002208898101106868,0.013356795534491539,0.11557160349537225,0.07878299057483673,0.08074420510389183,0.15867090319006313,6.823484659194946,,,
44,val,12163-0,1,3,0.25,0.0,1.0,0.0,0.0,0.0,0.0,0.0,0.005839290246681825,0.344663143157959,0.5870801846068039,0.5398983359336853,-19.247531208575538,0.837865772302573,,,,
45,train,12163-0,1,3,0.25,0.0,1.0,0.0,0.0,0.0,0.0,0.0,0.00021299150527931147,0.013263154774904251,0.11516577084752332,0.07832575589418411,0.0871890207075004,0.15825692829335716,7.306796550750732,,,
45,val,12163-0,1,3,0.25,0.0,1.0,0.0,0.0,0.0,0.0,0.0,0.005869760983603916,0.3464672565460205,0.5886146927711035,0.5409467220306396,-19.352940030072936,0.8411936595349304,,,,
46,train,12163-0,1,3,0.25,0.0,1.0,0.0,0.0,0.0,0.0,0.0,0.0002222815004061505,0.01316263247281313,0.11472851638896552,0.07841410487890244,0.09410732415666537,0.15807484944970868,7.0074684619903564,,,
46,val,12163-0,1,3,0.25,0.0,1.0,0.0,0.0,0.0,0.0,0.0,0.005897964354808823,0.348140686750412,0.5900344792894835,0.5416465401649475,-19.45129321518253,0.8510090068065642,,,,
47,train,12163-0,1,3,0.25,0.0,1.0,0.0,0.0,0.0,0.0,0.0,0.00021817215331758184,0.013199476525187492,0.11488897477646623,0.07846377789974213,0.09157145651684453,0.15807020137735756,6.865540266036987,,,
47,val,12163-0,1,3,0.25,0.0,1.0,0.0,0.0,0.0,0.0,0.0,0.005696746996183436,0.336211621761322,0.5798375822256798,0.5312415957450867,-18.750009717263275,0.8366863490850663,,,,
48,train,12163-0,1,3,0.25,0.0,1.0,0.0,0.0,0.0,0.0,0.0,0.0002138521809885439,0.013099764473736286,0.11445420251671096,0.07802475243806839,0.09843414907844567,0.15795154972258688,7.00057315826416,,,
48,val,12163-0,1,3,0.25,0.0,1.0,0.0,0.0,0.0,0.0,0.0,0.005818479611903806,0.3434189558029175,0.5860195865352262,0.537497341632843,-19.17287513451864,0.8453982319695585,,,,
49,train,12163-0,1,3,0.25,0.0,1.0,0.0,0.0,0.0,0.0,0.0,0.00021166473180461644,0.012896920554339886,0.11356460960325573,0.07791480422019958,0.11239452789550627,0.15754170755727895,7.335907936096191,,,
49,val,12163-0,1,3,0.25,0.0,1.0,0.0,0.0,0.0,0.0,0.0,0.005815843238106257,0.34326499700546265,0.5858882120383228,0.5364856719970703,-19.1627040415598,0.8451338901819975,,,,
50,train,12163-0,1,3,0.25,0.0,1.0,0.0,0.0,0.0,0.0,0.0,0.00021036074654986705,0.012869177386164665,0.1134423967754766,0.07785588502883911,0.11430396375457735,0.15728156381891428,7.043177843093872,,,
50,val,12163-0,1,3,0.25,0.0,1.0,0.0,0.0,0.0,0.0,0.0,0.005631240611337911,0.33232933282852173,0.5764801235329122,0.5267133712768555,-18.519232903538022,0.8279334440461534,,,,
51,train,12163-0,1,3,0.25,0.0,1.0,0.0,0.0,0.0,0.0,0.0,0.0002067973414312483,0.012936500832438469,0.1137387393654355,0.07846699655056,0.10966998124993041,0.15738998756604292,7.0423173904418945,,,
51,val,12163-0,1,3,0.25,0.0,1.0,0.0,0.0,0.0,0.0,0.0,0.005600774967217747,0.33052030205726624,0.574908951102056,0.5246843099594116,-18.413342521179487,0.8315748218348064,,,,
52,train,12163-0,1,3,0.25,0.0,1.0,0.0,0.0,0.0,0.0,0.0,0.00020929658066457668,0.0128827765583992,0.11350231961682193,0.07785668969154358,0.11336790606114874,0.15725184747623355,6.935623645782471,,,
52,val,12163-0,1,3,0.25,0.0,1.0,0.0,0.0,0.0,0.0,0.0,0.00564963009035537,0.3334231674671173,0.5774280625905857,0.5266618728637695,-18.584461510453686,0.8440033880492062,,,,
53,train,12163-0,1,3,0.25,0.0,1.0,0.0,0.0,0.0,0.0,0.0,0.00022029128267373095,0.012704461812973022,0.11271407105136884,0.07798075675964355,0.12564008776196495,0.15684638897172448,7.010960578918457,,,
53,val,12163-0,1,3,0.25,0.0,1.0,0.0,0.0,0.0,0.0,0.0,0.005481625722430427,0.3234677016735077,0.5687422102090786,0.5170802474021912,-17.998628201079697,0.8290885708731633,,,,
54,train,12163-0,1,3,0.25,0.0,1.0,0.0,0.0,0.0,0.0,0.0,0.00022048914769527372,0.01380983553826809,0.11751525661916451,0.07991567254066467,0.04956475050300538,0.1599630087078046,7.148342132568359,,,
54,val,12163-0,1,3,0.25,0.0,1.0,0.0,0.0,0.0,0.0,0.0,0.005497948026858302,0.3244377374649048,0.5695943622130619,0.5183411240577698,-18.057825260757326,0.841349403620868,,,,
55,train,12163-0,1,3,0.25,0.0,1.0,0.0,0.0,0.0,0.0,0.0,0.00020987856591781848,0.01273791678249836,0.11286237983712004,0.07809837907552719,0.12333742308584603,0.15702588108145366,7.107818365097046,,,
55,val,12163-0,1,3,0.25,0.0,1.0,0.0,0.0,0.0,0.0,0.0,0.005531589001542908,0.3264255225658417,0.571336610559696,0.5213905572891235,-18.174632827567084,0.8467014967991396,,,,
56,train,12163-0,1,3,0.25,0.0,1.0,0.0,0.0,0.0,0.0,0.0,0.00021254931991880965,0.012757187709212303,0.11294772113332921,0.07835552841424942,0.12201090714254803,0.15695040882702438,6.973126411437988,,,
56,val,12163-0,1,3,0.25,0.0,1.0,0.0,0.0,0.0,0.0,0.0,0.0056700196572999914,0.3346373438835144,0.5784784731375182,0.5291761159896851,-18.65842052040468,0.859036271470719,,,,
57,train,12163-0,1,3,0.25,0.0,1.0,0.0,0.0,0.0,0.0,0.0,0.00020817725020008234,0.012738279066979885,0.11286398480906071,0.07911460846662521,0.12331278623820077,0.1568195053773495,6.897214412689209,,,
57,val,12163-0,1,3,0.25,0.0,1.0,0.0,0.0,0.0,0.0,0.0,0.005625493793044915,0.33199912309646606,0.5761936506908646,0.5271499752998352,-18.503958778440072,0.8581870374763436,,,,
58,train,12163-0,1,3,0.25,0.0,1.0,0.0,0.0,0.0,0.0,0.0,0.00020773726922344014,0.012771892361342907,0.11301279733438557,0.07932233810424805,0.12099924179594224,0.15681420083382616,7.149393796920776,,,
58,val,12163-0,1,3,0.25,0.0,1.0,0.0,0.0,0.0,0.0,0.0,0.005364911151334706,0.3165348768234253,0.5626143233365334,0.5125617384910583,-17.594869119204134,0.8386314701507439,,,,
59,train,12163-0,1,3,0.25,0.0,1.0,0.0,0.0,0.0,0.0,0.0,0.00021438903643070407,0.012850730679929256,0.11336106333273897,0.08021187782287598,0.11557302998990546,0.15658608758422887,6.938017845153809,,,
59,val,12163-0,1,3,0.25,0.0,1.0,0.0,0.0,0.0,0.0,0.0,0.005209606659563282,0.3072967827320099,0.5543435601971127,0.5040833950042725,-17.052604779594365,0.8278263283940422,,,,
60,train,12163-0,1,3,0.25,0.0,1.0,0.0,0.0,0.0,0.0,0.0,0.00020275305623322266,0.012759895995259285,0.11295970961037075,0.07929359376430511,0.12182464570602677,0.1564566301047183,7.217028379440308,,,
60,val,12163-0,1,3,0.25,0.0,1.0,0.0,0.0,0.0,0.0,0.0,0.005204078391634462,0.30695641040802,0.5540364702869478,0.5046038627624512,-17.03380658742834,0.8331909376654953,,,,
61,train,12163-0,1,3,0.25,0.0,1.0,0.0,0.0,0.0,0.0,0.0,0.0002113324797269867,0.012872707098722458,0.11345795299899632,0.07903172075748444,0.11406073035488168,0.1563779715199199,7.032138824462891,,,
61,val,12163-0,1,3,0.25,0.0,1.0,0.0,0.0,0.0,0.0,0.0,0.005381248545546069,0.31749024987220764,0.5634627315734445,0.515730082988739,-17.65342047501297,0.8478577995066724,,,,
62,train,12163-0,1,3,0.25,0.0,1.0,0.0,0.0,0.0,0.0,0.0,0.00021512527695495795,0.012785384431481361,0.11307247424320988,0.07974301278591156,0.12007064121767236,0.1567619461637583,7.192821502685547,,,
62,val,12163-0,1,3,0.25,0.0,1.0,0.0,0.0,0.0,0.0,0.0,0.005206837055552358,0.30713286995887756,0.5541956964456487,0.5060011744499207,-17.0453685838987,0.8370695601420074,,,,
63,train,12163-0,1,3,0.25,0.0,1.0,0.0,0.0,0.0,0.0,0.0,0.00021052370093201206,0.01290426217019558,0.11359692852447895,0.08062559366226196,0.1118890224944015,0.15657123939957057,6.907519340515137,,,
63,val,12163-0,1,3,0.25,0.0,1.0,0.0,0.0,0.0,0.0,0.0,0.0050560513880685415,0.298190176486969,0.546067922961026,0.4975297451019287,-16.51881407422352,0.8210049690392585,,,,
64,train,12163-0,1,3,0.25,0.0,1.0,0.0,0.0,0.0,0.0,0.0,0.00020127854928320154,0.012634914368391037,0.1124051349734123,0.07931233942508698,0.13042641305586236,0.15601634892655009,6.848219633102417,,,
64,val,12163-0,1,3,0.25,0.0,1.0,0.0,0.0,0.0,0.0,0.0,0.005155975871448276,0.3040979504585266,0.5514507688438983,0.50449538230896,-16.866941004684648,0.8325101354226,,,,
65,train,12163-0,1,3,0.25,0.0,1.0,0.0,0.0,0.0,0.0,0.0,0.00020410614485744992,0.012605404481291771,0.11227379249536273,0.07950665056705475,0.13245723666033918,0.15633849260946153,7.067561864852905,,,
65,val,12163-0,1,3,0.25,0.0,1.0,0.0,0.0,0.0,0.0,0.0,0.005064757941644403,0.2986821234226227,0.5465181821519048,0.5000908374786377,-16.549782651198623,0.8282657969111517,,,,
66,train,12163-0,1,3,0.25,0.0,1.0,0.0,0.0,0.0,0.0,0.0,0.00020095169904568215,0.012547940015792847,0.11201758797524988,0.0799165889620781,0.13641227600056466,0.15590097462861507,6.887089252471924,,,
66,val,12163-0,1,3,0.25,0.0,1.0,0.0,0.0,0.0,0.0,0.0,0.004908292542530011,0.28937965631484985,0.5379401977123943,0.4911951422691345,-16.002492762537326,0.8130999291240544,,,,
67,train,12163-0,1,3,0.25,0.0,1.0,0.0,0.0,0.0,0.0,0.0,0.00019969375420033554,0.012388098053634167,0.11130183310994553,0.07853251695632935,0.14741320237456063,0.15588075158913198,7.157634258270264,,,
67,val,12163-0,1,3,0.25,0.0,1.0,0.0,0.0,0.0,0.0,0.0,0.0045990172443510615,0.2709936797618866,0.5205705329365912,0.4725244641304016,-14.921196190181739,0.7905903916916376,,,,
68,train,12163-0,1,3,0.25,0.0,1.0,0.0,0.0,0.0,0.0,0.0,0.0002073113769326667,0.012611275538802147,0.11229993561352627,0.07840034365653992,0.1320529740259544,0.1567347703679612,7.147721529006958,,,
68,val,12163-0,1,3,0.25,0.0,1.0,0.0,0.0,0.0,0.0,0.0,0.004706744151779368,0.2772838771343231,0.5265775129402348,0.48064345121383667,-15.29270630679833,0.8040294204385169,,,,
69,train,12163-0,1,3,0.25,0.0,1.0,0.0,0.0,0.0,0.0,0.0,0.0001999233116807719,0.012269934639334679,0.11076973701934423,0.07811957597732544,0.1555456230934204,0.1553342597305236,7.326603889465332,,,
69,val,12163-0,1,3,0.25,0.0,1.0,0.0,0.0,0.0,0.0,0.0,0.004496860353252556,0.2647918164730072,0.5145792616040868,0.4679621756076813,-14.558967130228845,0.7879834769983879,,,,
70,train,12163-0,1,3,0.25,0.0,1.0,0.0,0.0,0.0,0.0,0.0,0.0001969580660378738,0.012288950383663177,0.1108555383535851,0.07804260402917862,0.15423665880511359,0.1554404186749264,6.969235420227051,,,
70,val,12163-0,1,3,0.25,0.0,1.0,0.0,0.0,0.0,0.0,0.0,0.0046857606132322226,0.2758355736732483,0.5252005080664415,0.48160117864608765,-15.20937091547016,0.8054510627090002,,,,
71,train,12163-0,1,3,0.25,0.0,1.0,0.0,0.0,0.0,0.0,0.0,0.00019555408329949067,0.012276004068553448,0.11079713023609163,0.0784769058227539,0.15512788781243916,0.1552926277012335,7.058457136154175,,,
71,val,12163-0,1,3,0.25,0.0,1.0,0.0,0.0,0.0,0.0,0.0,0.004860891948772382,0.28647980093955994,0.5352380787458605,0.4971422255039215,-15.838499560560345,0.82525026880097,,,,
72,train,12163-0,1,3,0.25,0.0,1.0,0.0,0.0,0.0,0.0,0.0,0.00020523569830012365,0.012599516659975052,0.11224756861498182,0.07850217074155807,0.1328625199525748,0.15629170029700026,7.286058664321899,,,
72,val,12163-0,1,3,0.25,0.0,1.0,0.0,0.0,0.0,0.0,0.0,0.004819099913166545,0.2840254306793213,0.5329403631545666,0.4962729215621948,-15.696641257689233,0.8297513020588607,,,,
73,train,12163-0,1,3,0.25,0.0,1.0,0.0,0.0,0.0,0.0,0.0,0.00021535462084870032,0.013158710673451424,0.11471142346536993,0.08103977888822556,0.09437704327944532,0.155593985507521,6.998654842376709,,,
73,val,12163-0,1,3,0.25,0.0,1.0,0.0,0.0,0.0,0.0,0.0,0.004790527156636685,0.2823840379714966,0.5313981915395428,0.4976053237915039,-15.602724150939466,0.831791462644987,,,,
74,train,12163-0,1,3,0.25,0.0,1.0,0.0,0.0,0.0,0.0,0.0,0.00020464684063066255,0.012307596392929554,0.11093960696220964,0.07836217433214188,0.1529533989395507,0.15528462679409052,7.011329412460327,,,
74,val,12163-0,1,3,0.25,0.0,1.0,0.0,0.0,0.0,0.0,0.0,0.004667736558471551,0.27504849433898926,0.5244506595848548,0.4903942346572876,-15.171530562863804,0.8216446945484753,,,,
75,train,12163-0,1,3,0.25,0.0,1.0,0.0,0.0,0.0,0.0,0.0,0.0001980107274248208,0.012256087735295296,0.11070721627470946,0.07797753810882568,0.1564985070713734,0.15495053698023367,7.091958284378052,,,
75,val,12163-0,1,3,0.25,0.0,1.0,0.0,0.0,0.0,0.0,0.0,0.004727638786352134,0.27864035964012146,0.5278639594063241,0.4997921586036682,-15.389566845251892,0.8377840454718665,,,,
76,train,12163-0,1,3,0.25,0.0,1.0,0.0,0.0,0.0,0.0,0.0,0.00019685218751863605,0.012322335503995419,0.11100601562075552,0.07848889380693436,0.1519391314186874,0.1553811328216948,6.960455656051636,,,
76,val,12163-0,1,3,0.25,0.0,1.0,0.0,0.0,0.0,0.0,0.0,0.004666703411295444,0.2749592959880829,0.5243656128962719,0.49691134691238403,-15.17367019254447,0.8319634708255274,,,,
77,train,12163-0,1,3,0.25,0.0,1.0,0.0,0.0,0.0,0.0,0.0,0.00020391899385201076,0.012275447137653828,0.11079461691640902,0.07822131365537643,0.15516620144226181,0.15520838573620804,6.961533069610596,,,
77,val,12163-0,1,3,0.25,0.0,1.0,0.0,0.0,0.0,0.0,0.0,0.004408863086237686,0.25957542657852173,0.5094854527643765,0.47578760981559753,-14.263826507534253,0.8024149599770556,,,,
78,train,12163-0,1,3,0.25,0.0,1.0,0.0,0.0,0.0,0.0,0.0,0.00019821926670573605,0.012251815758645535,0.11068792056338186,0.0784221887588501,0.15679246337288394,0.1551689623254563,7.078330755233765,,,
78,val,12163-0,1,3,0.25,0.0,1.0,0.0,0.0,0.0,0.0,0.0,0.004597638352510799,0.27078893780708313,0.5203738442764808,0.4943763315677643,-14.930363452355994,0.8290516690265605,,,,
79,train,12163-0,1,3,0.25,0.0,1.0,0.0,0.0,0.0,0.0,0.0,0.00019273910181703458,0.012181833386421204,0.1103713431395179,0.07861370593309402,0.16160874911823567,0.15484714125058888,6.936684846878052,,,
79,val,12163-0,1,3,0.25,0.0,1.0,0.0,0.0,0.0,0.0,0.0,0.004612359442288363,0.2717794179916382,0.5213246761775604,0.4992268681526184,-14.99167018687854,0.8315821723248595,,,,
80,train,12163-0,1,3,0.25,0.0,1.0,0.0,0.0,0.0,0.0,0.0,0.00019770754005533258,0.012188464403152466,0.110401378628858,0.07791183143854141,0.1611524050628731,0.15487592259413696,7.098597526550293,,,
80,val,12163-0,1,3,0.25,0.0,1.0,0.0,0.0,0.0,0.0,0.0,0.004339362247080742,0.25527268648147583,0.5052451746246329,0.4764961898326874,-14.016235024836764,0.8015883951189503,,,,
81,train,12163-0,1,3,0.25,0.0,1.0,0.0,0.0,0.0,0.0,0.0,0.00020408109811681925,0.01252749003469944,0.11192627052975293,0.07839387655258179,0.13781965488498538,0.15628611539855278,7.110499382019043,,,
81,val,12163-0,1,3,0.25,0.0,1.0,0.0,0.0,0.0,0.0,0.0,0.004379570358413181,0.2576712965965271,0.5076133337458021,0.4806409180164337,-14.16015033622681,0.8134019378336779,,,,
82,train,12163-0,1,3,0.25,0.0,1.0,0.0,0.0,0.0,0.0,0.0,0.00020392628794334674,0.012270782142877579,0.11077356247262962,0.07989271730184555,0.1554872030100656,0.1546153852756098,6.9894187450408936,,,
82,val,12163-0,1,3,0.25,0.0,1.0,0.0,0.0,0.0,0.0,0.0,0.004408218500986381,0.2594366669654846,0.5093492583340872,0.4843466877937317,-14.265774962920176,0.8186178144772224,,,,
83,train,12163-0,1,3,0.25,0.0,1.0,0.0,0.0,0.0,0.0,0.0,0.00020002856001352635,0.01221101451665163,0.11050345929721671,0.07908280938863754,0.15960066021561672,0.15482282326278757,7.106493234634399,,,
83,val,12163-0,1,3,0.25,0.0,1.0,0.0,0.0,0.0,0.0,0.0,0.004341727633516497,0.2554573714733124,0.5054279092742232,0.4803023338317871,-14.032655185201385,0.8158576943802215,,,,
84,train,12163-0,1,3,0.25,0.0,1.0,0.0,0.0,0.0,0.0,0.0,0.0001963210858059514,0.01217600516974926,0.11034493721847533,0.07799854874610901,0.16200984694741263,0.1546583783935747,6.953618049621582,,,
84,val,12163-0,1,3,0.25,0.0,1.0,0.0,0.0,0.0,0.0,0.0,0.004329765836397807,0.25480636954307556,0.5047834877876609,0.4804633557796478,-13.995030400080983,0.8166458891279872,,,,
85,train,12163-0,1,3,0.25,0.0,1.0,0.0,0.0,0.0,0.0,0.0,0.00019713619776361103,0.012336468324065208,0.11106965528021237,0.07825220376253128,0.1509659814817245,0.15512246802460494,7.0593438148498535,,,
85,val,12163-0,1,3,0.25,0.0,1.0,0.0,0.0,0.0,0.0,0.0,0.004183797896662845,0.24583013355731964,0.4958125992321289,0.46762657165527344,-13.465003684402873,0.8019495173428468,,,,
86,train,12163-0,1,3,0.25,0.0,1.0,0.0,0.0,0.0,0.0,0.0,0.00019717228841662515,0.012225217185914516,0.11056770408177298,0.07777819037437439,0.1586230963299876,0.15478227997673008,7.092483043670654,,,
86,val,12163-0,1,3,0.25,0.0,1.0,0.0,0.0,0.0,0.0,0.0,0.004128540241265599,0.2425556182861328,0.4924993586657071,0.4643170237541199,-13.273008170617695,0.798395090615138,,,,
87,train,12163-0,1,3,0.25,0.0,1.0,0.0,0.0,0.0,0.0,0.0,0.00019575804209744356,0.012111883610486984,0.11005400315521005,0.07805678248405457,0.1664229481628923,0.15445041703863677,7.103243589401245,,,
87,val,12163-0,1,3,0.25,0.0,1.0,0.0,0.0,0.0,0.0,0.0,0.004432994605116703,0.2610834538936615,0.5109632608061576,0.4902741312980652,-14.368376654034293,0.8364696129635474,,,,
88,train,12163-0,1,3,0.25,0.0,1.0,0.0,0.0,0.0,0.0,0.0,0.00019442798382857246,0.012335488572716713,0.11106524466599221,0.07751062512397766,0.1510338390622704,0.15549418854117594,7.237412691116333,,,
88,val,12163-0,1,3,0.25,0.0,1.0,0.0,0.0,0.0,0.0,0.0,0.004460366214880963,0.2630174458026886,0.5128522650848767,0.4949667155742645,-14.483527767775188,0.8403142957419865,,,,
89,train,12163-0,1,3,0.25,0.0,1.0,0.0,0.0,0.0,0.0,0.0,0.00019798174138425373,0.012035222724080086,0.10970516270477013,0.07696212083101273,0.17169876391489325,0.15430004020361623,7.224038362503052,,,
89,val,12163-0,1,3,0.25,0.0,1.0,0.0,0.0,0.0,0.0,0.0,0.004370824194155665,0.257740318775177,0.5076813161572691,0.4899502098560333,-14.17191120448326,0.8263805561340528,,,,
90,train,12163-0,1,3,0.25,0.0,1.0,0.0,0.0,0.0,0.0,0.0,0.00020320261139202724,0.012215180322527885,0.11052230690013616,0.07782192528247833,0.15931350551729462,0.1555137889969634,7.1630635261535645,,,
90,val,12163-0,1,3,0.25,0.0,1.0,0.0,0.0,0.0,0.0,0.0,0.0042549249743610495,0.25084078311920166,0.5008400773891818,0.48255258798599243,-13.765884744409895,0.8165416756635597,,,,
91,train,12163-0,1,3,0.25,0.0,1.0,0.0,0.0,0.0,0.0,0.0,0.0001927286616571376,0.011895481497049332,0.10906640865568708,0.07712163031101227,0.18131613507808955,0.15392813676024272,7.064508676528931,,,
91,val,12163-0,1,3,0.25,0.0,1.0,0.0,0.0,0.0,0.0,0.0,0.0042312006910139,0.24940432608127594,0.49940397083050503,0.48086193203926086,-13.682173334258227,0.8183193949542606,,,,
92,train,12163-0,1,3,0.25,0.0,1.0,0.0,0.0,0.0,0.0,0.0,0.00020097608980024868,0.011926361359655857,0.10920788139898996,0.07711455225944519,0.1791913679241627,0.15413660073005117,7.018274784088135,,,
92,val,12163-0,1,3,0.25,0.0,1.0,0.0,0.0,0.0,0.0,0.0,0.004226320277789474,0.24919630587100983,0.499195658906415,0.4811568856239319,-13.67085854770854,0.8221761091922238,,,,
93,train,12163-0,1,3,0.25,0.0,1.0,0.0,0.0,0.0,0.0,0.0,0.00019548285065673895,0.011968331411480904,0.10939986933941422,0.07691068202257156,0.17630244997808273,0.15402360128903259,7.1930835247039795,,,
93,val,12163-0,1,3,0.25,0.0,1.0,0.0,0.0,0.0,0.0,0.0,0.004253101185404298,0.2508370280265808,0.5008363285810853,0.4832161068916321,-13.768329397196561,0.8287946475639317,,,,
94,train,12163-0,1,3,0.25,0.0,1.0,0.0,0.0,0.0,0.0,0.0,0.00020201336406340498,0.011988859623670578,0.10949365106557812,0.07735347747802734,0.17488995802907603,0.15410932810948394,7.171051979064941,,,
94,val,12163-0,1,3,0.25,0.0,1.0,0.0,0.0,0.0,0.0,0.0,0.004233525146411944,0.24968740344047546,0.4996873056627269,0.48201847076416016,-13.700816370194657,0.8286727761781316,,,,
95,train,12163-0,1,3,0.25,0.0,1.0,0.0,0.0,0.0,0.0,0.0,0.00020004179731322678,0.011980133131146431,0.10945379450318948,0.07747986912727356,0.17549031902660786,0.15424665957087627,7.162689447402954,,,
95,val,12163-0,1,3,0.25,0.0,1.0,0.0,0.0,0.0,0.0,0.0,0.00412513516874756,0.2432434856891632,0.4931972077061702,0.4752088189125061,-13.321821501307316,0.817801429836809,,,,
96,train,12163-0,1,3,0.25,0.0,1.0,0.0,0.0,0.0,0.0,0.0,0.0001993893445228361,0.012025768868625164,0.10966206668043953,0.07695047557353973,0.17234968769315462,0.1542414269121561,7.002969264984131,,,
96,val,12163-0,1,3,0.25,0.0,1.0,0.0,0.0,0.0,0.0,0.0,0.004122955386648701,0.24315886199474335,0.4931114093130916,0.47559279203414917,-13.316907224342923,0.8178344633398194,,,,
97,train,12163-0,1,3,0.25,0.0,1.0,0.0,0.0,0.0,0.0,0.0,0.00019116236149019594,0.011903807520866394,0.10910457149389477,0.07699389010667801,0.18074331877184716,0.1541515956905096,6.942091703414917,,,
97,val,12163-0,1,3,0.25,0.0,1.0,0.0,0.0,0.0,0.0,0.0,0.003981065838145808,0.23475444316864014,0.48451464701146046,0.46659064292907715,-12.822583138362212,0.8057346735066198,,,,
98,train,12163-0,1,3,0.25,0.0,1.0,0.0,0.0,0.0,0.0,0.0,0.00019533736555144314,0.012026705779135227,0.10966633840488715,0.07660318911075592,0.1722850955932901,0.15434804664103605,7.196778297424316,,,
98,val,12163-0,1,3,0.25,0.0,1.0,0.0,0.0,0.0,0.0,0.0,0.003945756562148468,0.2326684147119522,0.48235714435670196,0.46415066719055176,-12.700603857691927,0.8066358726892483,,,,
99,train,12163-0,1,3,0.25,0.0,1.0,0.0,0.0,0.0,0.0,0.0,0.0001894796527685305,0.011810258962213993,0.10867501535410057,0.0763029083609581,0.18718198535072153,0.15343469762954726,6.942009449005127,,,
99,val,12163-0,1,3,0.25,0.0,1.0,0.0,0.0,0.0,0.0,0.0,0.003897769541680058,0.22985956072807312,0.4794367119110437,0.4614502191543579,-12.534602094846036,0.7986232304961307,,,,
100,train,12163-0,1,3,0.25,0.0,1.0,0.0,0.0,0.0,0.0,0.0,0.0002001145250628365,0.011987792328000069,0.10948877717830294,0.07766235619783401,0.17496326343343407,0.1545157151748012,7.030844211578369,,,
100,val,12163-0,1,3,0.25,0.0,1.0,0.0,0.0,0.0,0.0,0.0,0.0038316075686161024,0.22593732178211212,0.4753286460777555,0.45690345764160156,-12.304697515135679,0.79819402598773,,,,
