station,t,price,load,grid_energy,charge,discharge,soc_end,mode,slot_cost,groundtruth_load,penalty_rate,diff,penalty_cost,realized_slot_cost
12162-0,0,35.72,95.54633,95.54633,0.0,0.0,20.0,0,3412.9149076,97.39032108940748,893.0,-1.8439910894074814,1646.684042840881,5059.598950440881
12162-0,1,35.72,95.70749,95.70749,0.0,0.0,20.0,0,3418.6715428,97.48128918145964,893.0,-1.773799181459637,1584.0026690434559,5002.674211843456
12162-0,2,35.49,95.473206,95.473206,0.0,0.0,20.0,0,3388.3440809400004,97.52472439658364,887.25,-2.0515183965836314,1820.209697368827,5208.5537783088275
12162-0,3,35.49,95.77519,95.77519,0.0,0.0,20.0,0,3399.0614931,97.50855159974144,887.25,-1.7333615997414427,1537.925079370595,4936.986572470595
12162-0,4,35.07,95.82151,97.13729947368421,1.3157894736842106,0.0,21.25,1,3406.605092542105,97.49824001535326,876.75,-1.6767300153532574,1470.0730409609685,4876.678133503074
12162-0,5,35.07,95.904045,100.904045,5.0,0.0,26.0,1,3538.70485815,97.53010841297947,876.75,-1.6260634129794767,1425.651097329756,4964.355955479756
12162-0,6,31.5,95.75034,100.75034,5.0,0.0,30.75,1,3173.63571,97.45121545596535,787.5,-1.7008754559653596,1339.4394215727207,4513.075131572721
12162-0,7,31.5,95.83386,100.83386,5.0,0.0,35.5,1,3176.26659,97.50915328172786,787.5,-1.6752932817278605,1319.2934593606901,4495.560049360691
12162-0,8,30.27,95.81231,100.81231,5.0,0.0,40.25,1,3051.5886237,97.48210871382048,756.75,-1.6697987138204837,1263.6201766836512,4315.208800383651
12162-0,9,30.27,95.89652,100.89652,5.0,0.0,45.0,1,3054.1376603999997,97.50569879721957,756.75,-1.6091787972195704,1217.74605479591,4271.88371519591
12162-0,10,35.31,95.68111,95.68111,0.0,0.0,45.0,0,3378.4999941000005,97.47337395118984,882.75,-1.7922639511898382,1582.1210029128297,4960.62099701283
12162-0,11,35.31,95.75868,95.75868,0.0,0.0,45.0,0,3381.2389908,97.52449617238187,882.75,-1.765816172381875,1558.7742261701003,4940.0132169701
12162-0,12,42.4,95.682625,95.682625,0.0,0.0,45.0,0,4056.9433,97.45709741607412,1060.0,-1.7744724160741185,1880.9407610385656,5937.884061038565
12162-0,13,42.4,95.61912,95.61912,0.0,0.0,45.0,0,4054.2506879999996,97.56459101509846,1060.0,-1.9454710150984624,2062.1992760043704,6116.4499640043705
12162-0,14,41.16,95.70633,95.70633,0.0,0.0,45.0,0,3939.2725427999994,97.5233861728552,1029.0,-1.817056172855203,1869.750801868004,5809.023344668003
12162-0,15,41.16,95.92621,95.92621,0.0,0.0,45.0,0,3948.3228035999996,97.40154557060264,1029.0,-1.4753355706026383,1518.1203021501149,5466.443105750114
12162-0,16,51.64,95.88052,95.88052,0.0,0.0,45.0,0,4951.2700528000005,98.37782646272586,1291.0,-2.4973064627258594,3224.0226433790845,8175.292696179085
12162-0,17,51.64,95.952965,95.952965,0.0,0.0,45.0,0,4955.0111126,98.35418451019,1291.0,-2.401219510189989,3099.974387655276,8054.985500255276
12162-0,18,56.84,95.927895,90.927895,0.0,5.0,39.73684210526316,0,5168.341551800001,98.50656566016768,1421.0,-2.578670660167674,3664.2910080982647,8832.632559898266
12162-0,19,56.84,96.03167,91.03167,0.0,5.0,34.473684210526315,0,5174.240122800001,98.4002754251162,1421.0,-2.3686054251162005,3365.788309090121,8540.028431890121
12162-0,20,54.51,96.09359,91.09359,0.0,5.0,29.210526315789473,0,4965.511590900001,98.57860151730192,1362.75,-2.4850115173019134,3386.4494452031827,8351.961036103183
12162-0,21,54.51,96.218765,91.218765,0.0,5.0,23.94736842105263,0,4972.33488015,98.40493327359738,1362.75,-2.1861682735973744,2979.200814844822,7951.535694994822
12162-0,22,51.65,96.21199,94.13699,0.0,2.0749999999999984,21.763157894736842,0,4862.1755335,98.49678314097449,1291.25,-2.284793140974486,2950.239143283305,7812.4146767833045
12162-0,23,51.65,96.06437,91.06437,0.0,5.0,16.5,0,4703.4747105,98.4788467934824,1291.25,-2.4144767934824074,3117.6931595841584,7821.1678700841585
12162-0,24,46.87,96.05773,96.05773,0.0,0.0,16.5,0,4502.2258051,98.59242982916253,1171.75,-2.53469982916252,2970.0345248211825,7472.260329921182
12162-0,25,46.87,95.96946,95.96946,0.0,0.0,16.5,0,4498.0885902,98.35734852753248,1171.75,-2.387888527532482,2798.008382136186,7296.096972336186
12162-0,26,37.61,95.98606,100.98606,5.0,0.0,21.25,1,3798.0857165999996,98.37322048338146,940.25,-2.3871604833814644,2244.527644499422,6042.613361099422
12162-0,27,37.61,95.95919,100.95919,5.0,0.0,26.0,1,3797.0751359,98.40270290071663,940.25,-2.4435129007166267,2297.5130048988085,6094.588140798809
12162-0,28,36.81,96.155464,101.155464,5.0,0.0,30.75,1,3723.53262984,98.43117905679864,920.25,-2.2757150567986457,2094.2267810189537,5817.759410858954
12162-0,29,36.81,95.90907,100.90907,5.0,0.0,35.5,1,3714.4628667,97.37320427427622,920.25,-1.4641342742762191,1347.3695659026907,5061.8324326026905
12162-0,30,41.79,95.96361,100.96361,5.0,0.0,40.25,1,4219.2692619,97.37636829161866,1044.75,-1.4127582916186583,1475.9792251685933,5695.248487068593
12162-0,31,41.79,95.80745,100.80745,5.0,0.0,45.0,1,4212.7433355,97.40479257856391,1044.75,-1.5973425785639108,1668.823658954646,5881.566994454646
12162-0,32,61.1,95.91966,90.91966,0.0,5.0,39.73684210526316,0,5555.191226,97.39689809594884,1527.5,-1.4772380959488487,2256.4811915618666,7811.6724175618665
12162-0,33,61.1,95.674706,90.674706,0.0,5.0,34.473684210526315,0,5540.2245366,97.36604633340316,1527.5,-1.6913403334031614,2583.522359273329,8123.746895873329
12162-0,34,72.57,95.74224,90.74224,0.0,5.0,29.210526315789473,0,6585.164356799999,97.40249996271906,1814.2499999999998,-1.660259962719067,3012.126637363067,9597.290994163066
12162-0,35,72.57,95.61893,90.61893,0.0,5.0,23.94736842105263,0,6576.2157501,97.3910991264589,1814.2499999999998,-1.7721691264588912,3215.157837678043,9791.373587778044
12162-0,36,54.68,95.748215,90.748215,0.0,5.0,18.684210526315788,0,4962.1123962,98.091571070767,1367.0,-2.343356070767001,3203.3677487384907,8165.48014493849
12162-0,37,54.68,95.75452,95.60452,0.0,0.15,18.526315789473685,0,5227.6551536,97.39197052795647,1367.0,-1.6374505279564744,2238.3948717165003,7466.0500253165
12162-0,38,56.28,95.610985,90.610985,0.0,5.0,13.263157894736842,0,5099.5862358,97.38487483004754,1407.0,-1.773889830047537,2495.8629908768844,7595.449226676885
12162-0,39,56.28,95.77993,90.77993,0.0,5.0,8.0,0,5109.0944604,97.41965827315973,1407.0,-1.639728273159733,2307.0976803357444,7416.192140735744
12162-0,40,46.65,95.70457,95.70457,0.0,0.0,8.0,0,4464.6181905,97.4165979940908,1166.25,-1.7120279940907892,1996.652648108383,6461.270838608383
12162-0,41,46.65,95.79426,99.50617135734072,3.711911357340721,0.0,11.526315789473685,1,4641.962893819945,97.38519641869546,1166.25,-1.5909364186954633,1855.429598303584,6497.392492123528
12162-0,42,43.66,95.69278,100.69278,5.0,0.0,16.276315789473685,1,4396.2467748,97.44720078478004,1091.5,-1.754420784780038,1914.9502865874115,6311.197061387411
12162-0,43,43.66,95.84545,100.84545,5.0,0.0,21.026315789473685,1,4402.9123469999995,97.43167116523368,1091.5,-1.586221165233681,1731.360401852563,6134.2727488525625
12162-0,44,37.53,95.7611,100.7611,5.0,0.0,25.776315789473685,1,3781.564083,97.3613158681305,938.25,-1.6002158681305048,1501.402538273446,5282.966621273446
12162-0,45,37.53,95.884445,100.884445,5.0,0.0,30.526315789473685,1,3786.19322085,97.36200054073576,938.25,-1.4775555407357643,1386.316486095331,5172.509706945331
12162-0,46,53.83,95.76225,90.76225,0.0,5.0,25.263157894736842,0,4885.731917499999,97.42667098044988,1345.75,-1.66442098044989,2239.894534440439,7125.6264519404385
12162-0,47,53.83,95.92995,90.92995,0.0,5.0,20.0,0,4894.759208500001,97.3828623075412,1345.75,-1.4529123075411974,1955.2567378735664,6850.015946373567
12163-0,0,35.72,160.41072,160.41072,0.0,0.0,20.0,0,5729.8709184,161.4574765742109,893.0,-1.0467565742108889,934.7536207703238,6664.624539170323
12163-0,1,35.72,160.21729,160.21729,0.0,0.0,20.0,0,5722.9615988,161.4660619081722,893.0,-1.2487719081722162,1115.1533139977892,6838.114912797789
12163-0,2,35.49,160.37462,160.37462,0.0,0.0,20.0,0,5691.6952638,161.52311394708147,887.25,-1.1484939470814766,1019.00125454804,6710.696518348041
12163-0,3,35.49,160.25085,160.25085,0.0,0.0,20.0,0,5687.302666500001,161.49123293740146,887.25,-1.2403829374014492,1100.5297612094357,6787.832427709436
12163-0,4,35.07,160.26616,161.58194947368423,1.3157894736842106,0.0,21.25,1,5666.678968042106,161.48760266592686,876.75,-1.221442665926844,1070.8998573513604,6737.578825393466
12163-0,5,35.07,160.08723,165.08723,5.0,0.0,26.0,1,5789.6091561,161.5932762554868,876.75,-1.5060462554868081,1320.426054498059,7110.035210598059
12163-0,6,31.5,159.96526,164.96526,5.0,0.0,30.75,1,5196.40569,161.49150821865072,787.5,-1.5262482186507214,1201.920472187443,6398.326162187443
12163-0,7,31.5,159.88896,164.88896,5.0,0.0,35.5,1,5194.00224,161.46447904098895,787.5,-1.5755190409889508,1240.7212447787988,6434.723484778799
12163-0,8,30.27,159.79596,164.79596,5.0,0.0,40.25,1,4988.3737092,161.41633923252448,756.75,-1.6203792325244706,1226.2219842128932,6214.5956934128935
12163-0,9,30.27,159.92584,164.92584,5.0,0.0,45.0,1,4992.3051768,161.49186952529038,756.75,-1.5660295252903893,1185.0928432635021,6177.3980200635015
12163-0,10,35.31,159.65358,159.65358,0.0,0.0,45.0,0,5637.3679098,161.51919118927952,882.75,-1.8656111892795195,1646.8682773364958,7284.236187136496
12163-0,11,35.31,159.67462,159.67462,0.0,0.0,45.0,0,5638.110832200001,161.44410822854366,882.75,-1.7694882285436506,1562.0157337469077,7200.126565946908
12163-0,12,42.4,159.48564,159.48564,0.0,0.0,45.0,0,6762.1911359999995,156.08037352224508,1060.0,3.405266477754907,0.0,6762.1911359999995
12163-0,13,42.4,159.77853,159.77853,0.0,0.0,45.0,0,6774.609672,161.49658371668397,1060.0,-1.7180537166839827,1821.1369396850216,8595.746611685021
12163-0,14,41.16,159.58508,159.58508,0.0,0.0,45.0,0,6568.5218927999995,161.47371816791727,1029.0,-1.8886381679172644,1943.408674786865,8511.930567586864
12163-0,15,41.16,160.17357,160.17357,0.0,0.0,45.0,0,6592.7441412,161.5248172498113,1029.0,-1.35124724981128,1390.4334200558071,7983.177561255807
12163-0,16,51.64,159.59436,159.59436,0.0,0.0,45.0,0,8241.4527504,161.49231685732045,1291.0,-1.8979568573204517,2450.2623028007033,10691.715053200704
12163-0,17,51.64,159.98221,159.98221,0.0,0.0,45.0,0,8261.4813244,161.4853660057766,1291.0,-1.5031560057765887,1940.574403457576,10202.055727857576
12163-0,18,56.84,159.67928,154.67928,0.0,5.0,39.73684210526316,0,8791.970275200001,161.52483445488937,1421.0,-1.845554454889367,2622.5328803977904,11414.503155597791
12163-0,19,56.84,160.51752,155.51752,0.0,5.0,34.473684210526315,0,8839.6158368,161.52917013456522,1421.0,-1.0116501345652296,1437.554841217191,10277.170678017192
12163-0,20,54.51,159.74788,154.74788,0.0,5.0,29.210526315789473,0,8435.3069388,161.42753973835377,1362.75,-1.679659738353763,2288.9563084415904,10724.26324724159
12163-0,21,54.51,159.90007,154.90007,0.0,5.0,23.94736842105263,0,8443.6028157,161.5238193552827,1362.75,-1.6237493552827118,2212.7644339115154,10656.367249611516
12163-0,22,51.65,159.84026,157.76526,0.0,2.0749999999999984,21.763157894736842,0,8148.5756790000005,161.53773826344846,1291.25,-1.6974782634484598,2191.8688076778235,10340.444486677825
12163-0,23,51.65,160.30757,155.30757,0.0,5.0,16.5,0,8021.6359905,161.42236100985207,1291.25,-1.1147910098520697,1439.4738914714849,9461.109881971484
12163-0,24,46.87,160.11754,160.11754,0.0,0.0,16.5,0,7504.709099799999,161.53894261891398,1171.75,-1.4214026189139872,1665.5285187124646,9170.237618512463
12163-0,25,46.87,159.93675,159.93675,0.0,0.0,16.5,0,7496.235472499999,161.4691072069921,1171.75,-1.532357206992117,1795.539557293013,9291.775029793012
12163-0,26,37.61,159.94154,164.94154,5.0,0.0,21.25,1,6203.4513194,161.5216171052886,940.25,-1.5800771052886091,1485.6674982476147,7689.118817647615
12163-0,27,37.61,160.27855,165.27855,5.0,0.0,26.0,1,6216.1262655,161.4741999101035,940.25,-1.1956499101034979,1124.2098279748138,7340.336093474814
12163-0,28,36.81,160.23492,165.23492,5.0,0.0,30.75,1,6082.2974052,161.5176599373305,920.25,-1.2827399373305184,1180.4414273284096,7262.73883252841
12163-0,29,36.81,159.96492,164.96492,5.0,0.0,35.5,1,6072.3587052,161.50542712681647,920.25,-1.5405071268164647,1417.6516834528516,7490.010388652852
12163-0,30,41.79,159.89302,164.89302,5.0,0.0,40.25,1,6890.8793058,163.33394841487464,1044.75,-3.4409284148746337,3594.9099614402735,10485.789267240274
12163-0,31,41.79,159.93753,164.93753,5.0,0.0,45.0,1,6892.7393787,163.22488542493318,1044.75,-3.2873554249331676,3434.464580198927,10327.203958898926
12163-0,32,61.1,160.37485,155.37485,0.0,5.0,39.73684210526316,0,9493.403335,163.20761152654205,1527.5,-2.8327615265420434,4327.043231792972,13820.446566792973
12163-0,33,61.1,160.40532,155.40532,0.0,5.0,34.473684210526315,0,9495.265051999999,163.2213927940832,1527.5,-2.8160727940831976,4301.551192962084,13796.816244962083
12163-0,34,72.57,160.1093,155.1093,0.0,5.0,29.210526315789473,0,11256.281900999998,163.09306011669344,1814.2499999999998,-2.983760116693446,5413.286791711084,16669.568692711084
12163-0,35,72.57,160.19765,155.19765,0.0,5.0,23.94736842105263,0,11262.6934605,163.2219777667379,1814.2499999999998,-3.0243277667378834,5486.886650804205,16749.580111304203
12163-0,36,54.68,160.56819,155.56819,0.0,5.0,18.684210526315788,0,8506.468629199999,162.15663933209888,1367.0,-1.5884493320988895,2171.4102369791817,10677.87886617918
12163-0,37,54.68,160.70235,160.55235,0.0,0.15,18.526315789473685,0,8779.002498,161.45498183788945,1367.0,-0.752631837889453,1028.847722394882,9807.850220394881
12163-0,38,56.28,160.48218,155.48218,0.0,5.0,13.263157894736842,0,8750.537090400001,161.44753203908132,1407.0,-0.9653520390813242,1358.250318987423,10108.787409387423
12163-0,39,56.28,160.50569,155.50569,0.0,5.0,8.0,0,8751.8602332,161.57715509732697,1407.0,-1.0714650973269784,1507.5513919390585,10259.411625139057
12163-0,40,46.65,159.85495,159.85495,0.0,0.0,8.0,0,7457.2334175,161.49221362685196,1166.25,-1.6372636268519614,1909.4587048161,9366.692122316099
12163-0,41,46.65,160.02116,163.73307135734072,3.711911357340721,0.0,11.526315789473685,1,7638.1477788199445,161.47413108979114,1166.25,-1.4529710897911343,1694.5275334689104,9332.675312288855
12163-0,42,43.66,159.72829,164.72829,5.0,0.0,16.276315789473685,1,7192.037141399999,161.48567569718202,1091.5,-1.7573856971820305,1918.1864884741863,9110.223629874185
12163-0,43,43.66,160.27731,165.27731,5.0,0.0,21.026315789473685,1,7216.007354599999,161.55065927708563,1091.5,-1.2733492770856287,1389.8607359389637,8605.868090538963
12163-0,44,37.53,159.87398,164.87398,5.0,0.0,25.776315789473685,1,6187.7204694,161.48433370109188,938.25,-1.6103537010918956,1510.914360049471,7698.634829449471
12163-0,45,37.53,159.9947,164.9947,5.0,0.0,30.526315789473685,1,6192.251091,161.44930416212344,938.25,-1.4546041621234451,1364.7823551123224,7557.033446112322
12163-0,46,53.83,159.88275,154.88275,0.0,5.0,25.263157894736842,0,8337.338432499999,161.48462618741922,1345.75,-1.6018761874192364,2155.7248792194373,10493.063311719436
12163-0,47,53.83,160.41423,155.41423,0.0,5.0,20.0,0,8365.9480009,161.51045100961548,1345.75,-1.0962210096154763,1475.2394236900273,9841.187424590027
12164-0,0,35.72,107.9442,107.9442,0.0,0.0,20.0,0,3855.766824,108.88993726811056,893.0,-0.9457372681105625,844.5433804227323,4700.310204422733
12164-0,1,35.72,108.11058,108.11058,0.0,0.0,20.0,0,3861.7099175999997,109.069213842955,893.0,-0.9586338429549954,856.0600217588109,4717.769939358811
12164-0,2,35.49,108.083176,108.083176,0.0,0.0,20.0,0,3835.8719162400002,109.10608315726589,887.25,-1.022907157265891,907.5743752841618,4743.446291524162
12164-0,3,35.49,108.225655,108.225655,0.0,0.0,20.0,0,3840.9284959500005,108.87831355506492,887.25,-0.6526585550649173,579.0713029813479,4419.999798931349
12164-0,4,35.07,108.42861,109.74439947368421,1.3157894736842106,0.0,21.25,1,3848.736089542105,108.87615880646312,876.75,-0.4475488064631179,392.38841606653864,4241.124505608644
12164-0,5,35.07,108.45614,113.45614,5.0,0.0,26.0,1,3978.9068298,108.9402868089683,876.75,-0.48414680896829054,424.4757147629487,4403.382544562949
12164-0,6,31.5,108.41907,113.41907,5.0,0.0,30.75,1,3572.700705,108.85192720453988,787.5,-0.43285720453987153,340.8750485751488,3913.575753575149
12164-0,7,31.5,108.49552,113.49552,5.0,0.0,35.5,1,3575.1088799999998,108.9193879842942,787.5,-0.4238679842942048,333.79603763168626,3908.904917631686
12164-0,8,30.27,108.67205,113.67205,5.0,0.0,40.25,1,3440.8529535,108.91419123766634,756.75,-0.24214123766634543,183.2403816040069,3624.0933351040067
12164-0,9,30.27,108.49495,113.49495,5.0,0.0,45.0,1,3435.4921365,108.89891414463844,756.75,-0.40396414463843655,305.6998664551369,3741.192002955137
12164-0,10,35.31,108.5768,108.5768,0.0,0.0,45.0,0,3833.8468080000002,108.86160493355416,882.75,-0.28480493355415604,251.41155509493123,4085.2583630949316
12164-0,11,35.31,108.44362,108.44362,0.0,0.0,45.0,0,3829.1442222,108.9904648646432,882.75,-0.5468448646432051,482.72730426378934,4311.871526463789
12164-0,12,42.4,108.895515,108.895515,0.0,0.0,45.0,0,4617.169836,108.91187991563676,1060.0,-0.016364915636756905,17.34681057496232,4634.516646574963
12164-0,13,42.4,108.76013,108.76013,0.0,0.0,45.0,0,4611.429512,108.91439254635924,1060.0,-0.15426254635923442,163.51829914078849,4774.947811140788
12164-0,14,41.16,108.76326,108.76326,0.0,0.0,45.0,0,4476.6957815999995,108.88053540656432,1029.0,-0.11727540656431756,120.67639335468277,4597.372174954682
12164-0,15,41.16,108.64977,108.64977,0.0,0.0,45.0,0,4472.0245331999995,108.93919825085112,1029.0,-0.2894282508511168,297.8216701257992,4769.846203325798
12164-0,16,51.64,108.55146,108.55146,0.0,0.0,45.0,0,5605.597394400001,108.96471971958444,1291.0,-0.4132597195844312,533.5182979835007,6139.1156923835015
12164-0,17,51.64,108.69516,108.69516,0.0,0.0,45.0,0,5613.0180624,109.21182986805891,1291.0,-0.5166698680589121,667.0207996640555,6280.038862064056
12164-0,18,56.84,108.762825,103.762825,0.0,5.0,39.73684210526316,0,5897.878973000001,109.37557585003994,1421.0,-0.6127508500399301,870.7189579067407,6768.597930906742
12164-0,19,56.84,108.811005,103.811005,0.0,5.0,34.473684210526315,0,5900.6175242,109.28616496688193,1421.0,-0.4751599668819324,675.202312939226,6575.819837139226
12164-0,20,54.51,108.858795,103.858795,0.0,5.0,29.210526315789473,0,5661.34291545,109.32011157720702,1362.75,-0.4613165772070147,628.6591655888593,6290.00208103886
12164-0,21,54.51,108.79892,103.79892,0.0,5.0,23.94736842105263,0,5658.079129199999,109.31220089116376,1362.75,-0.5132808911637596,699.4735344334134,6357.5526636334125
12164-0,22,51.65,108.89681,106.82181,0.0,2.0749999999999984,21.763157894736842,0,5517.3464865,109.35158283619715,1291.25,-0.4547728361971508,587.2254247395709,6104.571911239571
12164-0,23,51.65,108.72664,103.72664,0.0,5.0,16.5,0,5357.480956,109.28272780734758,1291.25,-0.5560878073475806,718.0483812375634,6075.529337237564
12164-0,24,46.87,108.93363,108.93363,0.0,0.0,16.5,0,5105.7192380999995,109.25356787038704,1171.75,-0.3199378703870508,374.88719962602676,5480.606437726026
12164-0,25,46.87,108.8735,108.8735,0.0,0.0,16.5,0,5102.900945,109.3056919100933,1171.75,-0.4321919100932945,506.42087065181784,5609.321815651818
12164-0,26,37.61,108.9786,113.9786,5.0,0.0,21.25,1,4286.735146,109.3137218901768,940.25,-0.3351218901767936,315.0983572387302,4601.83350323873
12164-0,27,37.61,108.88063,113.88063,5.0,0.0,26.0,1,4283.0504943,109.28626934916711,940.25,-0.4056393491671173,381.40239805438205,4664.452892354382
12164-0,28,36.81,108.88447,113.88447,5.0,0.0,30.75,1,4192.0873407,109.18312473962678,920.25,-0.2986547396267838,274.8370241415478,4466.924364841548
12164-0,29,36.81,108.85672,113.85672,5.0,0.0,35.5,1,4191.0658632,109.09452654711788,920.25,-0.2378065471178843,218.84147498523302,4409.907338185233
12164-0,30,41.79,108.96204,113.96204,5.0,0.0,40.25,1,4762.4736516,109.08484881810362,1044.75,-0.12280881810362132,128.30451271375838,4890.778164313759
12164-0,31,41.79,108.87995,113.87995,5.0,0.0,45.0,1,4759.0431105,109.23425714762358,1044.75,-0.3543071476235866,370.1623924797421,5129.205502979742
12164-0,32,61.1,108.84482,103.84482,0.0,5.0,39.73684210526316,0,6344.918502,109.3018148537856,1527.5,-0.4569948537856021,698.0596391575073,7042.978141157508
12164-0,33,61.1,108.85984,103.85984,0.0,5.0,34.473684210526315,0,6345.836224000001,109.18793378062384,1527.5,-0.3280937806238313,501.16324990290235,6846.9994739029025
12164-0,34,72.57,108.93988,103.93988,0.0,5.0,29.210526315789473,0,7542.917091599999,109.2068940771441,1814.2499999999998,-0.267014077144097,484.43028945867786,8027.3473810586775
12164-0,35,72.57,108.827385,103.827385,0.0,5.0,23.94736842105263,0,7534.75332945,109.12475267456308,1814.2499999999998,-0.2973676745630769,539.4993035760622,8074.2526330260625
12164-0,36,54.68,108.771355,103.771355,0.0,5.0,18.684210526315788,0,5674.2176914,109.07591667684083,1367.0,-0.3045616768408337,416.33581224141966,6090.553503641419
12164-0,37,54.68,108.78649,108.63649,0.0,0.15,18.526315789473685,0,5940.2432732,109.32961782103844,1367.0,-0.5431278210384392,742.4557313595463,6682.699004559546
12164-0,38,56.28,108.884834,103.884834,0.0,5.0,13.263157894736842,0,5846.63845752,109.09081352011547,1407.0,-0.20597952011547704,289.8131848024762,6136.451642322476
12164-0,39,56.28,108.73406,103.73406,0.0,5.0,8.0,0,5838.1528968,109.289221876663,1407.0,-0.5551618766630071,781.112760464851,6619.265657264851
12164-0,40,46.65,108.89588,108.89588,0.0,0.0,8.0,0,5079.992802,109.18511545892324,1166.25,-0.28923545892322977,337.3208539692167,5417.313655969217
12164-0,41,46.65,108.84613,112.55804135734073,3.711911357340721,0.0,11.526315789473685,1,5250.832629319944,109.104636717028,1166.25,-0.25850671702799843,301.48345873390315,5552.316088053847
12164-0,42,43.66,108.910484,113.910484,5.0,0.0,16.276315789473685,1,4973.331731439999,109.01154263037766,1091.5,-0.10105863037766483,110.30549505722115,5083.637226497221
12164-0,43,43.66,108.81167,113.81167,5.0,0.0,21.026315789473685,1,4969.0175122,109.07868280739883,1091.5,-0.26701280739882804,291.4444792758208,5260.4619914758205
12164-0,44,37.53,108.67548,113.67548,5.0,0.0,25.776315789473685,1,4266.2407643999995,109.03287389594765,938.25,-0.35739389594765214,335.3248228728846,4601.565587272884
12164-0,45,37.53,108.75885,113.75885,5.0,0.0,30.526315789473685,1,4269.3696405,109.03683296690802,938.25,-0.27798296690802715,260.8175187014565,4530.187159201457
12164-0,46,53.83,108.733,103.733,0.0,5.0,25.263157894736842,0,5583.94739,109.07748986699646,1345.75,-0.34448986699645445,463.5972385104786,6047.544628510479
12164-0,47,53.83,108.71505,103.71505,0.0,5.0,20.0,0,5582.9811415,108.93599967939728,1345.75,-0.22094967939727894,297.3430310488881,5880.324172548889
12165-0,0,35.72,138.17674,138.17674,0.0,0.0,20.0,0,4935.6731528,139.0038443778061,893.0,-0.8271043778061085,738.6042093808549,5674.277362180855
12165-0,1,35.72,138.23303,138.23303,0.0,0.0,20.0,0,4937.6838316,138.94795717589372,893.0,-0.7149271758937061,638.4299680730796,5576.1137996730795
12165-0,2,35.49,138.30515,138.30515,0.0,0.0,20.0,0,4908.4497735,138.9919013999618,887.25,-0.6867513999617927,609.3201796161005,5517.769953116101
12165-0,3,35.49,138.7407,138.7407,0.0,0.0,20.0,0,4923.907443,138.98415700935965,887.25,-0.24345700935964487,216.0072315543449,5139.914674554345
12165-0,4,35.07,138.13306,139.44884947368422,1.3157894736842106,0.0,21.25,1,4890.471151042106,139.0315135128118,876.75,-0.8984535128118125,787.7191173577567,5678.190268399862
12165-0,5,35.07,138.02483,143.02483,5.0,0.0,26.0,1,5015.8807881,139.05596323639864,876.75,-1.031133236398631,904.0460650124998,5919.9268531125
12165-0,6,31.5,137.87605,142.87605,5.0,0.0,30.75,1,4500.595574999999,139.03741823974602,787.5,-1.1613682397460252,914.5774887999949,5415.173063799994
12165-0,7,31.5,138.03296,143.03296,5.0,0.0,35.5,1,4505.53824,139.0084732089706,787.5,-0.9755132089705967,768.2166520643449,5273.754892064345
12165-0,8,30.27,137.67328,142.67328,5.0,0.0,40.25,1,4318.7201856,139.01887324309337,756.75,-1.3455932430933615,1018.2776867109013,5336.997872310902
12165-0,9,30.27,137.80846,142.80846,5.0,0.0,45.0,1,4322.8120842,138.20994048910575,756.75,-0.40148048910575085,303.820360130777,4626.632444330777
12165-0,10,35.31,137.63615,137.63615,0.0,0.0,45.0,0,4859.9324565,138.3654365770387,882.75,-0.7292865770387209,643.7777258809309,5503.710182380931
12165-0,11,35.31,137.6404,137.6404,0.0,0.0,45.0,0,4860.082524,138.17697490305602,882.75,-0.536574903056021,473.6614956727025,5333.744019672703
12165-0,12,42.4,137.27434,137.27434,0.0,0.0,45.0,0,5820.432016,138.216216115973,1060.0,-0.9418761159730025,998.3886829313826,6818.820698931382
12165-0,13,42.4,137.38422,137.38422,0.0,0.0,45.0,0,5825.090928,138.22382698259923,1060.0,-0.8396069825992356,889.9834015551897,6715.074329555189
12165-0,14,41.16,137.56178,137.56178,0.0,0.0,45.0,0,5662.0428648,138.23271374499518,1029.0,-0.6709337449951818,690.390823600042,6352.433688400042
12165-0,15,41.16,137.80653,137.80653,0.0,0.0,45.0,0,5672.1167748,138.24612548657436,1029.0,-0.43959548657434766,452.34375568500377,6124.460530485004
12165-0,16,51.64,137.90118,137.90118,0.0,0.0,45.0,0,7121.216935200001,139.6179656509572,1291.0,-1.7167856509571777,2216.3702753857165,9337.587210585718
12165-0,17,51.64,138.52924,138.52924,0.0,0.0,45.0,0,7153.649953599999,140.0460731896838,1291.0,-1.5168331896838083,1958.2316478817966,9111.881601481797
12165-0,18,56.84,138.65652,133.65652,0.0,5.0,39.73684210526316,0,7597.036596800001,139.9538377943323,1421.0,-1.2973177943322867,1843.4885857461793,9440.52518254618
12165-0,19,56.84,138.78723,133.78723,0.0,5.0,34.473684210526315,0,7604.4661532,140.07423191260114,1421.0,-1.2870019126011414,1828.8297178062219,9433.295871006221
12165-0,20,54.51,138.36765,133.36765,0.0,5.0,29.210526315789473,0,7269.8706015,139.02891721328044,1362.75,-0.6612672132804391,901.1418948979184,8171.012496397918
12165-0,21,54.51,138.12703,133.12703,0.0,5.0,23.94736842105263,0,7256.754405299999,138.1964990755319,1362.75,-0.06946907553191295,94.66898268111437,7351.423387981114
12165-0,22,51.65,137.93011,135.85511000000002,0.0,2.0749999999999984,21.763157894736842,0,7016.916431500001,138.22304067474116,1291.25,-0.2929306747411431,378.246733759501,7395.1631652595015
12165-0,23,51.65,137.83377,132.83377,0.0,5.0,16.5,0,6860.864220499999,138.1791706306597,1291.25,-0.34540063065972504,445.99856433937,7306.862784839369
12165-0,24,46.87,137.23721,137.23721,0.0,0.0,16.5,0,6432.3080327,138.26351327543586,1171.75,-1.0263032754358505,1202.570862991958,7634.878895691958
12165-0,25,46.87,137.40756,137.40756,0.0,0.0,16.5,0,6440.2923372,138.2238863265885,1171.75,-0.8163263265885234,956.5303731801023,7396.822710380102
12165-0,26,37.61,137.5444,142.5444,5.0,0.0,21.25,1,5361.094884,138.27331986966576,940.25,-0.7289198696657593,685.3669074532302,6046.46179145323
12165-0,27,37.61,138.04692,143.04692,5.0,0.0,26.0,1,5379.9946612,138.26886907046912,940.25,-0.2219490704691225,208.68761350859242,5588.682274708593
12165-0,28,36.81,137.38933,142.38933,5.0,0.0,30.75,1,5241.3512373,138.25792010444542,920.25,-0.868590104445417,799.320043615895,6040.671280915895
12165-0,29,36.81,137.90059,142.90059,5.0,0.0,35.5,1,5260.1707179,138.2524752934282,920.25,-0.35188529342821084,323.82244127731104,5583.993159177311
12165-0,30,41.79,137.47752,142.47752,5.0,0.0,40.25,1,5954.135560799999,138.24050264358928,1044.75,-0.7629826435892824,797.1261168899027,6751.261677689902
12165-0,31,41.79,137.62675,142.62675,5.0,0.0,45.0,1,5960.3718825,138.1844670817037,1044.75,-0.5577170817037143,582.6749211099554,6543.0468036099555
12165-0,32,61.1,137.43901,132.43901,0.0,5.0,39.73684210526316,0,8092.023511,138.1715152560415,1527.5,-0.7325052560414917,1118.9017786033787,9210.92528960338
12165-0,33,61.1,137.84354,132.84354,0.0,5.0,34.473684210526315,0,8116.740293999999,138.22163125499557,1527.5,-0.3780912549955815,577.5343920057508,8694.27468600575
12165-0,34,72.57,137.62683,132.62683,0.0,5.0,29.210526315789473,0,9624.7290531,138.26109500787234,1814.2499999999998,-0.6342650078723295,1150.7152905323737,10775.444343632375
12165-0,35,72.57,137.69028,132.69028,0.0,5.0,23.94736842105263,0,9629.3336196,138.2381585560124,1814.2499999999998,-0.5478785560123924,993.9886702454828,10623.322289845482
12165-0,36,54.68,137.56917,132.56917,0.0,5.0,18.684210526315788,0,7248.882215600001,138.19624686357744,1367.0,-0.6270768635774289,857.2140725103452,8106.096288110346
12165-0,37,54.68,137.66495,137.51495,0.0,0.15,18.526315789473685,0,7519.3174659999995,138.23928609180885,1367.0,-0.5743360918088456,785.1174375026919,8304.434903502692
12165-0,38,56.28,137.45331,132.45331,0.0,5.0,13.263157894736842,0,7454.4722868,138.2587805922901,1407.0,-0.8054705922901064,1133.2971233521798,8587.76941015218
12165-0,39,56.28,137.7443,132.7443,0.0,5.0,8.0,0,7470.849204000001,138.1935318760675,1407.0,-0.4492318760675005,632.0692496269731,8102.918453626974
12165-0,40,46.65,137.93466,137.93466,0.0,0.0,8.0,0,6434.651889,138.18280545000363,1166.25,-0.24814545000361932,289.39963106672104,6724.0515200667205
12165-0,41,46.65,137.47273,141.18464135734072,3.711911357340721,0.0,11.526315789473685,1,6586.263519319945,138.13914310988466,1166.25,-0.666413109884644,777.2042894029661,7363.467808722911
12165-0,42,43.66,137.5996,142.5996,5.0,0.0,16.276315789473685,1,6225.898536,138.25295004534252,1091.5,-0.6533500453425063,713.1315744913456,6939.030110491345
12165-0,43,43.66,138.062,143.062,5.0,0.0,21.026315789473685,1,6246.08692,138.2144061242997,1091.5,-0.15240612429968792,166.35128467310938,6412.438204673109
12165-0,44,37.53,138.085,143.085,5.0,0.0,25.776315789473685,1,5369.98005,138.2397905157178,938.25,-0.15479051571779223,145.23220137221855,5515.212251372219
12165-0,45,37.53,137.75902,142.75902,5.0,0.0,30.526315789473685,1,5357.7460206,138.27956582453837,938.25,-0.5205458245383738,488.40211987312927,5846.1481404731285
12165-0,46,53.83,138.18187,133.18187,0.0,5.0,25.263157894736842,0,7169.1800621,138.276554117082,1345.75,-0.09468411708198232,127.4211505630777,7296.601212663078
12165-0,47,53.83,138.2451,133.2451,0.0,5.0,20.0,0,7172.583733,138.27124283004068,1345.75,-0.026142830040669196,35.18171352723057,7207.765446527231
12166-0,0,35.72,96.86276,96.86276,0.0,0.0,20.0,0,3459.9377871999995,96.31442614724806,893.0,0.5483338527519379,0.0,3459.9377871999995
12166-0,1,35.72,96.66787,96.66787,0.0,0.0,20.0,0,3452.9763163999996,96.20275331676052,893.0,0.4651166832394722,0.0,3452.9763163999996
12166-0,2,35.49,96.67039,96.67039,0.0,0.0,20.0,0,3430.8321411,96.18184665416504,887.25,0.4885433458349553,0.0,3430.8321411
12166-0,3,35.49,96.62454,96.62454,0.0,0.0,20.0,0,3429.2049246,96.14378718849504,887.25,0.4807528115049564,0.0,3429.2049246
12166-0,4,35.07,96.23743,97.55321947368421,1.3157894736842106,0.0,21.25,1,3421.191406942105,96.1947337077838,876.75,0.04269629221620619,0.0,3421.191406942105
12166-0,5,35.07,96.19882,101.19882,5.0,0.0,26.0,1,3549.0426174,96.1565664758118,876.75,0.04225352418819739,0.0,3549.0426174
12166-0,6,31.5,95.62258,100.62258,5.0,0.0,30.75,1,3169.61127,95.48398800426352,787.5,0.1385919957364763,0.0,3169.61127
12166-0,7,31.5,95.266464,100.266464,5.0,0.0,35.5,1,3158.393616,94.95271809626335,787.5,0.31374590373664546,0.0,3158.393616
12166-0,8,30.27,95.47102,100.47102,5.0,0.0,40.25,1,3041.2577754,95.23745462729978,756.75,0.2335653727002125,0.0,3041.2577754
12166-0,9,30.27,91.93943,96.93943,5.0,0.0,45.0,1,2934.3565461,91.73546291520196,756.75,0.2039670847980375,0.0,2934.3565461
12166-0,10,35.31,95.84,95.84,0.0,0.0,45.0,0,3384.1104000000005,95.73912472433996,882.75,0.1008752756600444,0.0,3384.1104000000005
12166-0,11,35.31,96.07319,96.07319,0.0,0.0,45.0,0,3392.3443389,95.9773960181474,882.75,0.09579398185259436,0.0,3392.3443389
12166-0,12,42.4,96.64793,96.64793,0.0,0.0,45.0,0,4097.872232,96.83194687121308,1060.0,-0.18401687121307475,195.05788348585924,4292.930115485859
12166-0,13,42.4,96.85649,96.85649,0.0,0.0,45.0,0,4106.715176,96.99992759451582,1060.0,-0.14343759451583082,152.04385018678067,4258.759026186781
12166-0,14,41.16,96.965576,96.965576,0.0,0.0,45.0,0,3991.1031081599995,96.93137026536893,1029.0,0.03420573463107246,0.0,3991.1031081599995
12166-0,15,41.16,97.03484,97.03484,0.0,0.0,45.0,0,3993.9540144,96.96224531090296,1029.0,0.0725946890970448,0.0,3993.9540144
12166-0,16,51.64,97.163055,97.163055,0.0,0.0,45.0,0,5017.5001602,96.96976201047016,1291.0,0.1932929895298372,0.0,5017.5001602
12166-0,17,51.64,97.33204,97.33204,0.0,0.0,45.0,0,5026.2265456000005,97.1466514147414,1291.0,0.18538858525860746,0.0,5026.2265456000005
12166-0,18,56.84,97.1641,92.1641,0.0,5.0,39.73684210526316,0,5238.607444,96.95152256385012,1421.0,0.21257743614988556,0.0,5238.607444
12166-0,19,56.84,97.05815,92.05815,0.0,5.0,34.473684210526315,0,5232.585246000001,96.94194034349388,1421.0,0.11620965650611481,0.0,5232.585246000001
12166-0,20,54.51,97.174736,92.174736,0.0,5.0,29.210526315789473,0,5024.44485936,97.06115681512412,1362.75,0.11357918487587426,0.0,5024.44485936
12166-0,21,54.51,97.358055,92.358055,0.0,5.0,23.94736842105263,0,5034.4375780499995,97.1951193090833,1362.75,0.16293569091669724,0.0,5034.4375780499995
12166-0,22,51.65,97.50268,95.42768,0.0,2.0749999999999984,21.763157894736842,0,4928.839672,97.41401062957412,1291.25,0.08866937042587608,0.0,4928.839672
12166-0,23,51.65,97.583015,92.583015,0.0,5.0,16.5,0,4781.91272475,97.53872318260832,1291.25,0.044291817391680866,0.0,4781.91272475
12166-0,24,46.87,97.64171,97.64171,0.0,0.0,16.5,0,4576.4669477,97.540609092894,1171.75,0.10110090710600161,0.0,4576.4669477
12166-0,25,46.87,97.54634,97.54634,0.0,0.0,16.5,0,4571.996955799999,97.39700151490234,1171.75,0.14933848509765824,0.0,4571.996955799999
12166-0,26,37.61,97.52845,102.52845,5.0,0.0,21.25,1,3856.0950045000004,97.42754428100513,940.25,0.10090571899488054,0.0,3856.0950045000004
12166-0,27,37.61,97.25937,102.25937,5.0,0.0,26.0,1,3845.9749057,97.14197256112791,940.25,0.11739743887208931,0.0,3845.9749057
12166-0,28,36.81,97.65123,102.65123,5.0,0.0,30.75,1,3778.5917763,97.5134070821544,920.25,0.13782291784559675,0.0,3778.5917763
12166-0,29,36.81,97.49937,102.49937,5.0,0.0,35.5,1,3773.0018097,97.42431129194397,920.25,0.07505870805603365,0.0,3773.0018097
12166-0,30,41.79,97.35005,102.35005,5.0,0.0,40.25,1,4277.2085895,97.3663869045982,1044.75,-0.016336904598205138,17.067981078974817,4294.276570578975
12166-0,31,41.79,97.4901,102.4901,5.0,0.0,45.0,1,4283.061279,97.4365607282757,1044.75,0.05353927172430417,0.0,4283.061279
12166-0,32,61.1,97.53813,92.53813,0.0,5.0,39.73684210526316,0,5654.079743,97.47400951823413,1527.5,0.06412048176586893,0.0,5654.079743
12166-0,33,61.1,97.74442,92.74442,0.0,5.0,34.473684210526315,0,5666.684062,97.63196797544724,1527.5,0.11245202455276626,0.0,5666.684062
12166-0,34,72.57,97.56085,92.56085,0.0,5.0,29.210526315789473,0,6717.1408845,97.6170692841904,1814.2499999999998,-0.056219284190405006,101.99583634244227,6819.136720842442
12166-0,35,72.57,97.509186,92.509186,0.0,5.0,23.94736842105263,0,6713.391628019999,97.5617761907194,1814.2499999999998,-0.05259019071939974,95.41175351267097,6808.80338153267
12166-0,36,54.68,97.64807,92.64807,0.0,5.0,18.684210526315788,0,5065.9964676,97.55419662747605,1367.0,0.09387337252395866,0.0,5065.9964676
12166-0,37,54.68,97.63186,97.48186,0.0,0.15,18.526315789473685,0,5330.3081047999995,97.5565585055957,1367.0,0.07530149440430023,0.0,5330.3081047999995
12166-0,38,56.28,97.62055,92.62055,0.0,5.0,13.263157894736842,0,5212.6845539999995,97.54827846138907,1407.0,0.07227153861092006,0.0,5212.6845539999995
12166-0,39,56.28,97.67872,92.67872,0.0,5.0,8.0,0,5215.9583616,97.53918118939198,1407.0,0.1395388106080162,0.0,5215.9583616
12166-0,40,46.65,97.66668,97.66668,0.0,0.0,8.0,0,4556.150622,97.60160481984786,1166.25,0.0650751801521352,0.0,4556.150622
12166-0,41,46.65,97.69049,101.40240135734072,3.711911357340721,0.0,11.526315789473685,1,4730.422023319945,97.5469852657646,1166.25,0.14350473423539256,0.0,4730.422023319945
12166-0,42,43.66,97.71997,102.71997,5.0,0.0,16.276315789473685,1,4484.7538902,97.62203551460937,1091.5,0.09793448539063832,0.0,4484.7538902
12166-0,43,43.66,97.69848,102.69848,5.0,0.0,21.026315789473685,1,4483.8156368,97.57015502070291,1091.5,0.12832497929709064,0.0,4483.8156368
12166-0,44,37.53,97.707344,102.707344,5.0,0.0,25.776315789473685,1,3854.6066203200003,97.57953068898028,938.25,0.1278133110197217,0.0,3854.6066203200003
12166-0,45,37.53,97.59013,102.59013,5.0,0.0,30.526315789473685,1,3850.2075789,97.42706831317112,938.25,0.16306168682888256,0.0,3850.2075789
12166-0,46,53.83,97.5983,92.5983,0.0,5.0,25.263157894736842,0,4984.566489,97.52979654058944,1345.75,0.06850345941055025,0.0,4984.566489
12166-0,47,53.83,97.37778,92.37778,0.0,5.0,20.0,0,4972.6958974,97.35781050306096,1345.75,0.01996949693904071,0.0,4972.6958974
12167-0,0,35.72,247.22244,247.22244,0.0,0.0,20.0,0,8830.7855568,247.80940984811895,893.0,-0.5869698481189403,524.1640743702137,9354.949631170213
12167-0,1,35.72,246.14796,246.14796,0.0,0.0,20.0,0,8792.405131200001,246.8894700294242,893.0,-0.7415100294241768,662.1684562757898,9454.57358747579
12167-0,2,35.49,246.5945,246.5945,0.0,0.0,20.0,0,8751.638805,247.37706354737608,887.25,-0.7825635473760713,694.3295074094192,9445.968312409419
12167-0,3,35.49,246.1455,246.1455,0.0,0.0,20.0,0,8735.703795000001,247.01675068249023,887.25,-0.8712506824902277,773.0171680394545,9508.720963039455
12167-0,4,35.07,247.31897,248.63475947368423,1.3157894736842106,0.0,21.25,1,8719.621014742106,246.6092356830069,876.75,0.7097343169931207,0.0,8719.621014742106
12167-0,5,35.07,247.47061,252.47061,5.0,0.0,26.0,1,8854.1442927,247.0740374981078,876.75,0.3965725018921944,0.0,8854.1442927
12167-0,6,31.5,246.54185,251.54185,5.0,0.0,30.75,1,7923.5682750000005,246.38023410613727,787.5,0.161615893862745,0.0,7923.5682750000005
12167-0,7,31.5,246.27676,251.27676,5.0,0.0,35.5,1,7915.2179399999995,246.04910692324023,787.5,0.22765307675976487,0.0,7915.2179399999995
12167-0,8,30.27,245.58089,250.58089,5.0,0.0,40.25,1,7585.0835403,245.805423475287,756.75,-0.22453347528698941,169.91570742342924,7754.999247723429
12167-0,9,30.27,245.91226,250.91226,5.0,0.0,45.0,1,7595.1141102,245.8635520299303,756.75,0.04870797006969951,0.0,7595.1141102
12167-0,10,35.31,238.46622,238.46622,0.0,0.0,45.0,0,8420.2422282,238.70070904119527,882.75,-0.2344890411952747,206.99520111512874,8627.23742931513
12167-0,11,35.31,246.88998,246.88998,0.0,0.0,45.0,0,8717.6851938,246.9301648738612,882.75,-0.04018487386119318,35.47319740096828,8753.158391200968
12167-0,12,42.4,247.44035,247.44035,0.0,0.0,45.0,0,10491.47084,247.06513448918164,1060.0,0.37521551081835014,0.0,10491.47084
12167-0,13,42.4,248.20776,248.20776,0.0,0.0,45.0,0,10524.009024,247.38376508500411,1060.0,0.8239949149958932,0.0,10524.009024
12167-0,14,41.16,248.51727,248.51727,0.0,0.0,45.0,0,10228.9708332,247.9982183865092,1029.0,0.5190516134908023,0.0,10228.9708332
12167-0,15,41.16,248.54588,248.54588,0.0,0.0,45.0,0,10230.1484208,248.27147601138623,1029.0,0.2744039886137841,0.0,10230.1484208
12167-0,16,51.64,248.8455,248.8455,0.0,0.0,45.0,0,12850.38162,248.40942408787475,1291.0,0.4360759121252329,0.0,12850.38162
12167-0,17,51.64,248.82803,248.82803,0.0,0.0,45.0,0,12849.479469200001,248.66801602895703,1291.0,0.16001397104298576,0.0,12849.479469200001
12167-0,18,56.84,248.82718,243.82718,0.0,5.0,39.73684210526316,0,13859.136911200001,248.4620004024059,1421.0,0.365179597594107,0.0,13859.136911200001
12167-0,19,56.84,248.64233,243.64233,0.0,5.0,34.473684210526315,0,13848.6300372,248.41703211368437,1421.0,0.22529788631561587,0.0,13848.6300372
12167-0,20,54.51,248.56473,243.56473,0.0,5.0,29.210526315789473,0,13276.7134323,248.12028673253124,1362.75,0.4444432674687562,0.0,13276.7134323
12167-0,21,54.51,248.93167,243.93167,0.0,5.0,23.94736842105263,0,13296.7153317,248.35136028238725,1362.75,0.5803097176127494,0.0,13296.7153317
12167-0,22,51.65,248.84897,246.77397000000002,0.0,2.0749999999999984,21.763157894736842,0,12745.8755505,248.07705048372804,1291.25,0.7719195162719643,0.0,12745.8755505
12167-0,23,51.65,249.15337,244.15337,0.0,5.0,16.5,0,12610.5215605,248.33698596979377,1291.25,0.8163840302062226,0.0,12610.5215605
12167-0,24,46.87,249.40176,249.40176,0.0,0.0,16.5,0,11689.4604912,248.86885172304207,1171.75,0.5329082769579259,0.0,11689.4604912
12167-0,25,46.87,248.99184,248.99184,0.0,0.0,16.5,0,11670.2475408,248.3486246305536,1171.75,0.6432153694464091,0.0,11670.2475408
12167-0,26,37.61,248.9434,253.9434,5.0,0.0,21.25,1,9550.811274,248.259254608224,940.25,0.684145391775985,0.0,9550.811274
12167-0,27,37.61,248.77516,253.77516,5.0,0.0,26.0,1,9544.4837676,248.1709853215434,940.25,0.6041746784565873,0.0,9544.4837676
12167-0,28,36.81,249.03328,254.03328,5.0,0.0,30.75,1,9350.9650368,248.5423379174977,920.25,0.49094208250230054,0.0,9350.9650368
12167-0,29,36.81,249.09254,254.09254,5.0,0.0,35.5,1,9353.146397400002,248.5942181786037,920.25,0.49832182139630277,0.0,9353.146397400002
12167-0,30,41.79,248.93958,253.93958,5.0,0.0,40.25,1,10612.1350482,248.30741179287,1044.75,0.6321682071300074,0.0,10612.1350482
12167-0,31,41.79,248.9294,253.9294,5.0,0.0,45.0,1,10611.709626,248.4136165957145,1044.75,0.5157834042854859,0.0,10611.709626
12167-0,32,61.1,248.62456,243.62456,0.0,5.0,39.73684210526316,0,14885.460616,247.94083444715795,1527.5,0.6837255528420485,0.0,14885.460616
12167-0,33,61.1,249.00835,244.00835,0.0,5.0,34.473684210526315,0,14908.910185,248.59983516787167,1527.5,0.4085148321283327,0.0,14908.910185
12167-0,34,72.57,249.18422,244.18422,0.0,5.0,29.210526315789473,0,17720.4488454,248.6203930248466,1814.2499999999998,0.563826975153404,0.0,17720.4488454
12167-0,35,72.57,249.28781,244.28781,0.0,5.0,23.94736842105263,0,17727.9663717,248.5841173102948,1814.2499999999998,0.7036926897052069,0.0,17727.9663717
12167-0,36,54.68,248.9184,243.9184,0.0,5.0,18.684210526315788,0,13337.458112,248.41492776612,1367.0,0.5034722338799895,0.0,13337.458112
12167-0,37,54.68,248.94102,248.79102,0.0,0.15,18.526315789473685,0,13603.892973600001,248.47231170547127,1367.0,0.46870829452873863,0.0,13603.892973600001
12167-0,38,56.28,248.90077,243.90077,0.0,5.0,13.263157894736842,0,13726.7353356,248.3676123204997,1407.0,0.5331576795003059,0.0,13726.7353356
12167-0,39,56.28,249.19437,244.19437,0.0,5.0,8.0,0,13743.2591436,248.829678483767,1407.0,0.3646915162329947,0.0,13743.2591436
12167-0,40,46.65,249.30087,249.30087,0.0,0.0,8.0,0,11629.8855855,249.03689196970092,1166.25,0.26397803029908573,0.0,11629.8855855
12167-0,41,46.65,249.32095,253.03286135734072,3.711911357340721,0.0,11.526315789473685,1,11803.982982319943,249.08682975613215,1166.25,0.23412024386786356,0.0,11803.982982319943
12167-0,42,43.66,249.2446,254.2446,5.0,0.0,16.276315789473685,1,11100.319236,248.73187488389095,1091.5,0.5127251161090385,0.0,11100.319236
12167-0,43,43.66,249.00298,254.00298,5.0,0.0,21.026315789473685,1,11089.770106799999,248.42855746342147,1091.5,0.5744225365785383,0.0,11089.770106799999
12167-0,44,37.53,248.77417,253.77417,5.0,0.0,25.776315789473685,1,9524.1446001,247.9908693573229,938.25,0.7833006426770908,0.0,9524.1446001
12167-0,45,37.53,248.83063,253.83063,5.0,0.0,30.526315789473685,1,9526.2635439,248.0613488134401,938.25,0.7692811865599083,0.0,9526.2635439
12167-0,46,53.83,249.07814,244.07814,0.0,5.0,25.263157894736842,0,13138.7262762,248.1799207050475,1345.75,0.8982192949524972,0.0,13138.7262762
12167-0,47,53.83,248.74796,243.74796,0.0,5.0,20.0,0,13120.9526868,248.23515173496756,1345.75,0.5128082650324473,0.0,13120.9526868
