station,t,price,load,renewable_available,renewable_to_load,renewable_to_battery,grid_energy,grid_to_battery,discharge,soc_end,curtailed_renewable,mode,grid_cost,curtailment_cost,slot_cost,groundtruth_load,shortage_penalty_rate,surplus_penalty_rate,diff,shortage_penalty_cost,surplus_penalty_cost,penalty_cost,realized_slot_cost
12162-0,0,35.72,94.975464,0.0,0.0,0.0,94.975464,0.0,0.0,20.0,0.0,0,3392.52357408,0.0,3392.52357408,97.39032108940748,893.0,300.0,-2.4148570894074766,2156.4673808408766,0.0,2156.4673808408766,5548.990954920877
12162-0,1,35.72,94.67899,0.0,0.0,0.0,94.67899,0.0,0.0,20.0,0.0,0,3381.9335228,0.0,3381.9335228,97.48128918145964,893.0,300.0,-2.802299181459645,2502.4531690434633,0.0,2502.4531690434633,5884.386691843463
12162-0,2,35.49,94.91624,0.0,0.0,0.0,94.91624,0.0,0.0,20.0,0.0,0,3368.5773576,0.0,3368.5773576,97.52472439658364,887.25,300.0,-2.608484396583634,2314.3777808688296,0.0,2314.3777808688296,5682.955138468829
12162-0,3,35.49,94.788185,0.0,0.0,0.0,94.788185,0.0,0.0,20.0,0.0,0,3364.03268565,0.0,3364.03268565,97.50855159974144,887.25,300.0,-2.720366599741439,2413.6452656205915,0.0,2413.6452656205915,5777.677951270592
12162-0,4,35.07,95.200424,0.0,0.0,0.0,96.5162134736842,1.3157894736842106,0.0,21.25,0.0,1,3384.823606522105,0.0,3384.823606522105,97.49824001535326,876.75,300.0,-2.2978160153532627,2014.610191460973,0.0,2014.610191460973,5399.433797983078
12162-0,5,35.07,94.87044,0.0,0.0,0.0,99.87044,5.0,0.0,26.0,0.0,1,3502.4563308,0.0,3502.4563308,97.53010841297947,876.75,300.0,-2.659668412979471,2331.864281079751,0.0,2331.864281079751,5834.320611879752
12162-0,6,31.5,95.05496,0.0,0.0,0.0,100.05496,5.0,0.0,30.75,0.0,1,3151.7312399999996,0.0,3151.7312399999996,97.45121545596535,787.5,300.0,-2.3962554559653597,1887.0511715727207,0.0,1887.0511715727207,5038.78241157272
12162-0,7,31.5,95.14674,0.0,0.0,0.0,100.14674,5.0,0.0,35.5,0.0,1,3154.6223099999997,0.0,3154.6223099999997,97.50915328172786,787.5,300.0,-2.362413281727868,1860.400459360696,0.0,1860.400459360696,5015.022769360696
12162-0,8,30.27,95.13822,0.0,0.0,0.0,100.13822,5.0,0.0,40.25,0.0,1,3031.1839194,0.0,3031.1839194,97.48210871382048,756.75,300.0,-2.3438887138204763,1773.7377841836453,0.0,1773.7377841836453,4804.9217035836455
12162-0,9,30.27,95.038506,0.0,0.0,0.0,100.038506,5.0,0.0,45.0,0.0,1,3028.1655766199997,0.0,3028.1655766199997,97.50569879721957,756.75,300.0,-2.4671927972195675,1867.0481492959077,0.0,1867.0481492959077,4895.213725915907
12162-0,10,35.31,95.02709,0.0,0.0,0.0,95.02709,0.0,0.0,45.0,0.0,0,3355.4065479,0.0,3355.4065479,97.47337395118984,882.75,300.0,-2.446283951189841,2159.457157912832,0.0,2159.457157912832,5514.8637058128315
12162-0,11,35.31,95.21007,0.0,0.0,0.0,95.21007,0.0,0.0,45.0,0.0,0,3361.8675717,0.0,3361.8675717,97.52449617238187,882.75,300.0,-2.3144261723818715,2043.0597036700972,0.0,2043.0597036700972,5404.927275370097
12162-0,12,42.4,94.87007,0.0,0.0,0.0,94.87007,0.0,0.0,45.0,0.0,0,4022.4909679999996,0.0,4022.4909679999996,97.45709741607412,1060.0,300.0,-2.587027416074122,2742.249061038569,0.0,2742.249061038569,6764.7400290385685
12162-0,13,42.4,94.79758,0.0,0.0,0.0,94.79758,0.0,0.0,45.0,0.0,0,4019.417392,0.0,4019.417392,97.56459101509846,1060.0,300.0,-2.7670110150984613,2933.031676004369,0.0,2933.031676004369,6952.449068004369
12162-0,14,41.16,95.01506,0.186,0.186,0.0,94.82906,0.0,0.0,45.0,0.0,0,3903.1641095999994,0.0,3903.1641095999994,97.5233861728552,1029.0,300.0,-2.5083261728551918,2581.0676318679925,0.0,2581.0676318679925,6484.231741467992
12162-0,15,41.16,95.37261,0.186,0.186,0.0,95.18660999999999,0.0,0.0,45.0,0.0,0,3917.880867599999,0.0,3917.880867599999,97.40154557060264,1029.0,300.0,-2.0289355706026413,2087.7747021501177,0.0,2087.7747021501177,6005.655569750117
12162-0,16,51.64,94.97218,0.454,0.454,0.0,94.51818,0.0,0.0,45.0,0.0,0,4880.9188152,0.0,4880.9188152,98.37782646272586,1291.0,300.0,-3.405646462725869,4396.689583379097,0.0,4396.689583379097,9277.608398579097
12162-0,17,51.64,94.98478,0.454,0.454,0.0,94.53078000000001,0.0,0.0,45.0,0.0,0,4881.5694792,0.0,4881.5694792,98.35418451019,1291.0,300.0,-3.3694045101899945,4349.901222655283,0.0,4349.901222655283,9231.470701855284
12162-0,18,56.84,94.95534,0.637,0.637,0.0,89.31834,0.0,5.0,39.73684210526316,0.0,0,5076.854445600001,0.0,5076.854445600001,98.50656566016768,1421.0,300.0,-3.551225660167674,5046.2916630982645,0.0,5046.2916630982645,10123.146108698265
12162-0,19,56.84,95.239586,0.637,0.637,0.0,89.602586,0.0,5.0,34.473684210526315,0.0,0,5093.01098824,0.0,5093.01098824,98.4002754251162,1421.0,300.0,-3.160689425116203,4491.339673090125,0.0,4491.339673090125,9584.350661330125
12162-0,20,54.51,95.522224,0.744,0.744,0.0,89.778224,0.0,5.0,29.210526315789473,0.0,0,4893.810990239999,0.0,4893.810990239999,98.57860151730192,1362.75,300.0,-3.056377517301925,4165.078461703199,0.0,4165.078461703199,9058.889451943198
12162-0,21,54.51,95.25847,0.744,0.744,0.0,89.51447,0.0,5.0,23.94736842105263,0.0,0,4879.4337597,0.0,4879.4337597,98.40493327359738,1362.75,300.0,-3.1464632735973765,4287.842826094825,0.0,4287.842826094825,9167.276585794825
12162-0,22,51.65,95.43701,0.791,0.791,0.0,92.57101,0.0,2.0749999999999984,21.763157894736842,0.0,0,4781.2926664999995,0.0,4781.2926664999995,98.49678314097449,1291.25,300.0,-3.0597731409744853,3950.932068283304,0.0,3950.932068283304,8732.224734783304
12162-0,23,51.65,95.60257,0.791,0.791,0.0,89.81157,0.0,5.0,16.5,0.0,0,4638.7675905,0.0,4638.7675905,98.4788467934824,1291.25,300.0,-2.876276793482404,3713.9924095841543,0.0,3713.9924095841543,8352.760000084154
12162-0,24,46.87,95.47869,0.78,0.78,0.0,94.69869,0.0,0.0,16.5,0.0,0,4438.5276003,0.0,4438.5276003,98.59242982916253,1171.75,300.0,-3.113739829162526,3648.5246448211897,0.0,3648.5246448211897,8087.052245121189
12162-0,25,46.87,94.90243,0.78,0.78,0.0,94.12243,0.0,0.0,16.5,0.0,0,4411.518294099999,0.0,4411.518294099999,98.35734852753248,1171.75,300.0,-3.4549185275324845,4048.300784636189,0.0,4048.300784636189,8459.81907873619
12162-0,26,37.61,95.3226,0.71,0.71,0.0,99.6126,5.0,0.0,21.25,0.0,1,3746.429886,0.0,3746.429886,98.37322048338146,940.25,300.0,-3.050620483381465,2868.3459094994223,0.0,2868.3459094994223,6614.775795499422
12162-0,27,37.61,95.43621,0.71,0.71,0.0,99.72621000000001,5.0,0.0,26.0,0.0,1,3750.7027581,0.0,3750.7027581,98.40270290071663,940.25,300.0,-2.9664929007166307,2789.244949898812,0.0,2789.244949898812,6539.947707998812
12162-0,28,36.81,95.51332,0.575,0.575,0.0,99.93831999999999,5.0,0.0,30.75,0.0,1,3678.7295592,0.0,3678.7295592,98.43117905679864,920.25,300.0,-2.9178590567986475,2685.1597970189555,0.0,2685.1597970189555,6363.889356218955
12162-0,29,36.81,94.869095,0.575,0.575,0.0,99.294095,5.0,0.0,35.5,0.0,1,3655.01563695,0.0,3655.01563695,97.37320427427622,920.25,300.0,-2.5041092742762174,2304.406559652689,0.0,2304.406559652689,5959.422196602689
12162-0,30,41.79,95.40264,0.363,0.363,0.0,100.03964,5.0,0.0,40.25,0.0,1,4180.6565556000005,0.0,4180.6565556000005,97.37636829161866,1044.75,300.0,-1.9737282916186558,2062.052632668591,0.0,2062.052632668591,6242.709188268591
12162-0,31,41.79,95.2869,0.363,0.363,0.0,99.9239,5.0,0.0,45.0,0.0,1,4175.819781,0.0,4175.819781,97.40479257856391,1044.75,300.0,-2.117892578563911,2212.668271454646,0.0,2212.668271454646,6388.488052454646
12162-0,32,61.1,95.359436,0.094,0.094,0.0,90.26543600000001,0.0,5.0,39.73684210526316,0.0,0,5515.2181396000005,0.0,5515.2181396000005,97.39689809594884,1527.5,300.0,-2.0374620959488396,3112.2233515618527,0.0,3112.2233515618527,8627.441491161853
12162-0,33,61.1,94.837746,0.094,0.094,0.0,89.743746,0.0,5.0,34.473684210526315,0.0,0,5483.3428806,0.0,5483.3428806,97.36604633340316,1527.5,300.0,-2.528300333403166,3861.9787592733364,0.0,3861.9787592733364,9345.321639873337
12162-0,34,72.57,95.24547,0.0,0.0,0.0,90.24547,0.0,5.0,29.210526315789473,0.0,0,6549.113757899999,0.0,6549.113757899999,97.40249996271906,1814.2499999999998,300.0,-2.157029962719065,3913.391609863063,0.0,3913.391609863063,10462.505367763062
12162-0,35,72.57,94.99298,0.0,0.0,0.0,89.99298,0.0,5.0,23.94736842105263,0.0,0,6530.7905586,0.0,6530.7905586,97.3910991264589,1814.2499999999998,300.0,-2.3981191264588944,4350.787625178049,0.0,4350.787625178049,10881.578183778049
12162-0,36,54.68,95.19524,0.0,0.0,0.0,90.19524,0.0,5.0,18.684210526315788,0.0,0,4931.8757232,0.0,4931.8757232,98.091571070767,1367.0,300.0,-2.8963310707670047,3959.2845737384955,0.0,3959.2845737384955,8891.160296938495
12162-0,37,54.68,94.80594,0.0,0.0,0.0,94.65594,0.0,0.15,18.526315789473685,0.0,0,5175.7867992,0.0,5175.7867992,97.39197052795647,1367.0,300.0,-2.586030527956467,3535.1037317164905,0.0,3535.1037317164905,8710.890530916491
12162-0,38,56.28,95.1109,0.0,0.0,0.0,90.1109,0.0,5.0,13.263157894736842,0.0,0,5071.441452,0.0,5071.441452,97.38487483004754,1407.0,300.0,-2.2739748300475355,3199.4825858768827,0.0,3199.4825858768827,8270.924037876883
12162-0,39,56.28,94.794685,0.0,0.0,0.0,89.794685,0.0,5.0,8.0,0.0,0,5053.6448718,0.0,5053.6448718,97.41965827315973,1407.0,300.0,-2.624973273159725,3693.3373953357327,0.0,3693.3373953357327,8746.982267135732
12162-0,40,46.65,95.16843,0.0,0.0,0.0,95.16843,0.0,0.0,8.0,0.0,0,4439.6072595,0.0,4439.6072595,97.4165979940908,1166.25,300.0,-2.2481679940907924,2621.9259231083865,0.0,2621.9259231083865,7061.533182608386
12162-0,41,46.65,94.8177,0.0,0.0,0.0,98.52961135734073,3.711911357340721,0.0,11.526315789473685,0.0,1,4596.406369819945,0.0,4596.406369819945,97.38519641869546,1166.25,300.0,-2.5674964186954554,2994.3426983035747,0.0,2994.3426983035747,7590.7490681235195
12162-0,42,43.66,95.08031,0.0,0.0,0.0,100.08031,5.0,0.0,16.276315789473685,0.0,1,4369.5063346,0.0,4369.5063346,97.44720078478004,1091.5,300.0,-2.36689078478004,2583.4612915874136,0.0,2583.4612915874136,6952.967626187414
12162-0,43,43.66,94.9898,0.0,0.0,0.0,99.9898,5.0,0.0,21.026315789473685,0.0,1,4365.554668,0.0,4365.554668,97.43167116523368,1091.5,300.0,-2.441871165233678,2665.30237685256,0.0,2665.30237685256,7030.85704485256
12162-0,44,37.53,95.21868,0.0,0.0,0.0,100.21868,5.0,0.0,25.776315789473685,0.0,1,3761.2070604000005,0.0,3761.2070604000005,97.3613158681305,938.25,300.0,-2.1426358681304976,2010.3281032734394,0.0,2010.3281032734394,5771.5351636734395
12162-0,45,37.53,94.81657,0.0,0.0,0.0,99.81657,5.0,0.0,30.526315789473685,0.0,1,3746.1158721,0.0,3746.1158721,97.36200054073576,938.25,300.0,-2.545430540735765,2388.2502048453316,0.0,2388.2502048453316,6134.366076945332
12162-0,46,53.83,95.1167,0.0,0.0,0.0,90.1167,0.0,5.0,25.263157894736842,0.0,0,4850.9819609999995,0.0,4850.9819609999995,97.42667098044988,1345.75,300.0,-2.30997098044989,3108.6434469404394,0.0,3108.6434469404394,7959.625407940439
12162-0,47,53.83,94.99878,0.0,0.0,0.0,89.99878,0.0,5.0,20.0,0.0,0,4844.6343274,0.0,4844.6343274,97.3828623075412,1345.75,300.0,-2.384082307541206,3208.378765373578,0.0,3208.378765373578,8053.013092773578
12163-0,0,35.72,159.39871,0.0,0.0,0.0,159.39871,0.0,0.0,20.0,0.0,0,5693.7219212,0.0,5693.7219212,161.4574765742109,893.0,300.0,-2.0587665742108925,1838.478550770327,0.0,1838.478550770327,7532.200471970327
12163-0,1,35.72,158.3139,0.0,0.0,0.0,158.3139,0.0,0.0,20.0,0.0,0,5654.972508,0.0,5654.972508,161.4660619081722,893.0,300.0,-3.152161908172218,2814.8805839977904,0.0,2814.8805839977904,8469.85309199779
12163-0,2,35.49,159.19756,0.0,0.0,0.0,159.19756,0.0,0.0,20.0,0.0,0,5649.921404400001,0.0,5649.921404400001,161.52311394708147,887.25,300.0,-2.3255539470814597,2063.347739548025,0.0,2063.347739548025,7713.269143948026
12163-0,3,35.49,158.6121,0.0,0.0,0.0,158.6121,0.0,0.0,20.0,0.0,0,5629.143429000001,0.0,5629.143429000001,161.49123293740146,887.25,300.0,-2.879132937401465,2554.51069870945,0.0,2554.51069870945,8183.654127709451
12163-0,4,35.07,159.2878,0.0,0.0,0.0,160.60358947368422,1.3157894736842106,0.0,21.25,0.0,1,5632.367882842106,0.0,5632.367882842106,161.48760266592686,876.75,300.0,-2.1998026659268533,1928.6769873513686,0.0,1928.6769873513686,7561.044870193475
12163-0,5,35.07,158.67232,0.0,0.0,0.0,163.67232,5.0,0.0,26.0,0.0,1,5739.9882624,0.0,5739.9882624,161.5932762554868,876.75,300.0,-2.9209562554868,2560.948396998052,0.0,2560.948396998052,8300.936659398052
12163-0,6,31.5,158.7675,0.0,0.0,0.0,163.7675,5.0,0.0,30.75,0.0,1,5158.67625,0.0,5158.67625,161.49150821865072,787.5,300.0,-2.7240082186507095,2145.156472187434,0.0,2145.156472187434,7303.832722187434
12163-0,7,31.5,158.91913,0.0,0.0,0.0,163.91913,5.0,0.0,35.5,0.0,1,5163.452595,0.0,5163.452595,161.46447904098895,787.5,300.0,-2.5453490409889525,2004.4623697788002,0.0,2004.4623697788002,7167.9149647788
12163-0,8,30.27,159.35289,0.0,0.0,0.0,164.35289,5.0,0.0,40.25,0.0,1,4974.9619803,0.0,4974.9619803,161.41633923252448,756.75,300.0,-2.0634492325244764,1561.5152067128975,0.0,1561.5152067128975,6536.477187012897
12163-0,9,30.27,159.3187,0.0,0.0,0.0,164.3187,5.0,0.0,45.0,0.0,1,4973.927049,0.0,4973.927049,161.49186952529038,756.75,300.0,-2.173169525290376,1644.5460382634922,0.0,1644.5460382634922,6618.473087263492
12163-0,10,35.31,158.72414,0.0,0.0,0.0,158.72414,0.0,0.0,45.0,0.0,0,5604.549383400001,0.0,5604.549383400001,161.51919118927952,882.75,300.0,-2.795051189279519,2467.3314373364956,0.0,2467.3314373364956,8071.880820736496
12163-0,11,35.31,159.04875,0.0,0.0,0.0,159.04875,0.0,0.0,45.0,0.0,0,5616.0113625,0.0,5616.0113625,161.44410822854366,882.75,300.0,-2.3953582285436426,2114.5024762469006,0.0,2114.5024762469006,7730.5138387469015
12163-0,12,42.4,158.59132,0.0,0.0,0.0,158.59132,0.0,0.0,45.0,0.0,0,6724.271968,0.0,6724.271968,156.08037352224508,1060.0,300.0,2.5109464777549135,0.0,753.2839433264741,753.2839433264741,7477.555911326474
12163-0,13,42.4,158.49583,0.0,0.0,0.0,158.49583,0.0,0.0,45.0,0.0,0,6720.223192,0.0,6720.223192,161.49658371668397,1060.0,300.0,-3.0007537166839597,3180.798939684997,0.0,3180.798939684997,9901.022131684997
12163-0,14,41.16,158.36702,0.186,0.186,0.0,158.18102,0.0,0.0,45.0,0.0,0,6510.730783199999,0.0,6510.730783199999,161.47371816791727,1029.0,300.0,-3.1066981679172727,3196.7924147868735,0.0,3196.7924147868735,9707.523197986873
12163-0,15,41.16,158.9862,0.186,0.186,0.0,158.8002,0.0,0.0,45.0,0.0,0,6536.216231999999,0.0,6536.216231999999,161.5248172498113,1029.0,300.0,-2.5386172498112956,2612.237150055823,0.0,2612.237150055823,9148.45338205582
12163-0,16,51.64,159.00484,0.454,0.454,0.0,158.55084,0.0,0.0,45.0,0.0,0,8187.5653776,0.0,8187.5653776,161.49231685732045,1291.0,300.0,-2.487476857320445,3211.3326228006945,0.0,3211.3326228006945,11398.898000400695
12163-0,17,51.64,158.7453,0.454,0.454,0.0,158.29129999999998,0.0,0.0,45.0,0.0,0,8174.162731999999,0.0,8174.162731999999,161.4853660057766,1291.0,300.0,-2.7400660057766117,3537.425213457606,0.0,3537.425213457606,11711.587945457604
12163-0,18,56.84,158.6629,0.637,0.637,0.0,153.0259,0.0,5.0,39.73684210526316,0.0,0,8697.992156,0.0,8697.992156,161.52483445488937,1421.0,300.0,-2.861934454889365,4066.8088603977876,0.0,4066.8088603977876,12764.801016397789
12163-0,19,56.84,158.99312,0.637,0.637,0.0,153.35612,0.0,5.0,34.473684210526315,0.0,0,8716.761860800001,0.0,8716.761860800001,161.52917013456522,1421.0,300.0,-2.5360501345652153,3603.727241217171,0.0,3603.727241217171,12320.489102017173
12163-0,20,54.51,159.28319,0.744,0.744,0.0,153.53919,0.0,5.0,29.210526315789473,0.0,0,8369.4212469,0.0,8369.4212469,161.42753973835377,1362.75,300.0,-2.1443497383537817,2922.212605941616,0.0,2922.212605941616,11291.633852841616
12163-0,21,54.51,158.6958,0.744,0.744,0.0,152.9518,0.0,5.0,23.94736842105263,0.0,0,8337.402618,0.0,8337.402618,161.5238193552827,1362.75,300.0,-2.82801935528272,3853.8833764115266,0.0,3853.8833764115266,12191.285994411526
12163-0,22,51.65,158.6125,0.791,0.791,0.0,155.74650000000003,0.0,2.0749999999999984,21.763157894736842,0.0,0,8044.306725000001,0.0,8044.306725000001,161.53773826344846,1291.25,300.0,-2.925238263448449,3777.21390767781,0.0,3777.21390767781,11821.520632677812
12163-0,23,51.65,159.1776,0.791,0.791,0.0,153.38660000000002,0.0,5.0,16.5,0.0,0,7922.417890000001,0.0,7922.417890000001,161.42236100985207,1291.25,300.0,-2.2447610098520556,2898.547653971467,0.0,2898.547653971467,10820.965543971468
12163-0,24,46.87,159.58093,0.78,0.78,0.0,158.80093,0.0,0.0,16.5,0.0,0,7442.999589099999,0.0,7442.999589099999,161.53894261891398,1171.75,300.0,-1.9580126189139833,2294.3012862124597,0.0,2294.3012862124597,9737.30087531246
12163-0,25,46.87,158.6621,0.78,0.78,0.0,157.8821,0.0,0.0,16.5,0.0,0,7399.934027,0.0,7399.934027,161.4691072069921,1171.75,300.0,-2.807007206992097,3289.1106947929893,0.0,3289.1106947929893,10689.04472179299
12163-0,26,37.61,158.68227,0.71,0.71,0.0,162.97226999999998,5.0,0.0,21.25,0.0,1,6129.387074699999,0.0,6129.387074699999,161.5216171052886,940.25,300.0,-2.839347105288624,2669.696115747629,0.0,2669.696115747629,8799.083190447629
12163-0,27,37.61,159.29146,0.71,0.71,0.0,163.58146,5.0,0.0,26.0,0.0,1,6152.2987106,0.0,6152.2987106,161.4741999101035,940.25,300.0,-2.1827399101034928,2052.3212004748093,0.0,2052.3212004748093,8204.61991107481
12163-0,28,36.81,159.707,0.575,0.575,0.0,164.132,5.0,0.0,30.75,0.0,1,6041.698920000001,0.0,6041.698920000001,161.5176599373305,920.25,300.0,-1.810659937330513,1666.2598073284046,0.0,1666.2598073284046,7707.958727328405
12163-0,29,36.81,158.77612,0.575,0.575,0.0,163.20112,5.0,0.0,35.5,0.0,1,6007.4332272,0.0,6007.4332272,161.50542712681647,920.25,300.0,-2.7293071268164795,2511.644883452865,0.0,2511.644883452865,8519.078110652865
12163-0,30,41.79,158.90022,0.363,0.363,0.0,163.53722,5.0,0.0,40.25,0.0,1,6834.2204237999995,0.0,6834.2204237999995,163.33394841487464,1044.75,300.0,-4.4337284148746505,4632.137761440291,0.0,4632.137761440291,11466.35818524029
12163-0,31,41.79,159.37949,0.363,0.363,0.0,164.01649,5.0,0.0,45.0,0.0,1,6854.2491171,0.0,6854.2491171,163.22488542493318,1044.75,300.0,-3.845395424933173,4017.4768701989324,0.0,4017.4768701989324,10871.725987298933
12163-0,32,61.1,159.75496,0.094,0.094,0.0,154.66096000000002,0.0,5.0,39.73684210526316,0.0,0,9449.784656000002,0.0,9449.784656000002,163.20761152654205,1527.5,300.0,-3.4526515265420414,5273.925206792968,0.0,5273.925206792968,14723.70986279297
12163-0,33,61.1,158.82,0.094,0.094,0.0,153.726,0.0,5.0,34.473684210526315,0.0,0,9392.6586,0.0,9392.6586,163.2213927940832,1527.5,300.0,-4.401392794083193,6723.127492962078,0.0,6723.127492962078,16115.786092962078
12163-0,34,72.57,159.08754,0.0,0.0,0.0,154.08754,0.0,5.0,29.210526315789473,0.0,0,11182.132777799998,0.0,11182.132777799998,163.09306011669344,1814.2499999999998,300.0,-4.005520116693447,7267.014871711085,0.0,7267.014871711085,18449.147649511084
12163-0,35,72.57,159.58011,0.0,0.0,0.0,154.58011,0.0,5.0,23.94736842105263,0.0,0,11217.878582699997,0.0,11217.878582699997,163.2219777667379,1814.2499999999998,300.0,-3.641867766737903,6607.258595804239,0.0,6607.258595804239,17825.137178504236
12163-0,36,54.68,159.89265,0.0,0.0,0.0,154.89265,0.0,5.0,18.684210526315788,0.0,0,8469.530102,0.0,8469.530102,162.15663933209888,1367.0,300.0,-2.2639893320988733,3094.8734169791596,0.0,3094.8734169791596,11564.403518979161
12163-0,37,54.68,158.98082,0.0,0.0,0.0,158.83082,0.0,0.15,18.526315789473685,0.0,0,8684.8692376,0.0,8684.8692376,161.45498183788945,1367.0,300.0,-2.4741618378894543,3382.179232394884,0.0,3382.179232394884,12067.048469994883
12163-0,38,56.28,159.28145,0.0,0.0,0.0,154.28145,0.0,5.0,13.263157894736842,0.0,0,8682.960006000001,0.0,8682.960006000001,161.44753203908132,1407.0,300.0,-2.166082039081317,3047.6774289874134,0.0,3047.6774289874134,11730.637434987415
12163-0,39,56.28,159.69666,0.0,0.0,0.0,154.69666,0.0,5.0,8.0,0.0,0,8706.328024800001,0.0,8706.328024800001,161.57715509732697,1407.0,300.0,-1.880495097326957,2645.856601939028,0.0,2645.856601939028,11352.184626739028
12163-0,40,46.65,159.33698,0.0,0.0,0.0,159.33698,0.0,0.0,8.0,0.0,0,7433.070117,0.0,7433.070117,161.49221362685196,1166.25,300.0,-2.1552336268519525,2513.54121731609,0.0,2513.54121731609,9946.61133431609
12163-0,41,46.65,158.60365,0.0,0.0,0.0,162.3155613573407,3.711911357340721,0.0,11.526315789473685,0.0,1,7572.020937319943,0.0,7572.020937319943,161.47413108979114,1166.25,300.0,-2.8704810897911557,3347.698570968935,0.0,3347.698570968935,10919.71950828888
12163-0,42,43.66,158.85118,0.0,0.0,0.0,163.85118,5.0,0.0,16.276315789473685,0.0,1,7153.7425188,0.0,7153.7425188,161.48567569718202,1091.5,300.0,-2.634495697182018,2875.5520534741727,0.0,2875.5520534741727,10029.294572274172
12163-0,43,43.66,158.85635,0.0,0.0,0.0,163.85635,5.0,0.0,21.026315789473685,0.0,1,7153.968240999999,0.0,7153.968240999999,161.55065927708563,1091.5,300.0,-2.6943092770856367,2940.8385759389726,0.0,2940.8385759389726,10094.806816938972
12163-0,44,37.53,159.12845,0.0,0.0,0.0,164.12845,5.0,0.0,25.776315789473685,0.0,1,6159.7407285,0.0,6159.7407285,161.48433370109188,938.25,300.0,-2.355883701091898,2210.407882549473,0.0,2210.407882549473,8370.148611049473
12163-0,45,37.53,158.34229,0.0,0.0,0.0,163.34229,5.0,0.0,30.526315789473685,0.0,1,6130.2361437,0.0,6130.2361437,161.44930416212344,938.25,300.0,-3.1070141621234484,2915.1560376123252,0.0,2915.1560376123252,9045.392181312325
12163-0,46,53.83,158.71562,0.0,0.0,0.0,153.71562,0.0,5.0,25.263157894736842,0.0,0,8274.5118246,0.0,8274.5118246,161.48462618741922,1345.75,300.0,-2.7690061874192224,3726.3900767194186,0.0,3726.3900767194186,12000.90190131942
12163-0,47,53.83,158.59737,0.0,0.0,0.0,153.59737,0.0,5.0,20.0,0.0,0,8268.1464271,0.0,8268.1464271,161.51045100961548,1345.75,300.0,-2.9130810096154676,3920.2787686900156,0.0,3920.2787686900156,12188.425195790016
12164-0,0,35.72,108.03096,0.0,0.0,0.0,108.03096,0.0,0.0,20.0,0.0,0,3858.8658911999996,0.0,3858.8658911999996,108.88993726811056,893.0,300.0,-0.8589772681105643,767.0667004227339,0.0,767.0667004227339,4625.9325916227335
12164-0,1,35.72,108.09935,0.0,0.0,0.0,108.09935,0.0,0.0,20.0,0.0,0,3861.308782,0.0,3861.308782,109.069213842955,893.0,300.0,-0.9698638429549931,866.0884117588088,0.0,866.0884117588088,4727.3971937588085
12164-0,2,35.49,108.08466,0.0,0.0,0.0,108.08466,0.0,0.0,20.0,0.0,0,3835.9245834000003,0.0,3835.9245834000003,109.10608315726589,887.25,300.0,-1.021423157265886,906.2576962841574,0.0,906.2576962841574,4742.182279684158
12164-0,3,35.49,108.034195,0.0,0.0,0.0,108.034195,0.0,0.0,20.0,0.0,0,3834.1335805500003,0.0,3834.1335805500003,108.87831355506492,887.25,300.0,-0.8441185550649237,748.9441879813536,0.0,748.9441879813536,4583.077768531354
12164-0,4,35.07,108.51163,0.0,0.0,0.0,109.8274194736842,1.3157894736842106,0.0,21.25,0.0,1,3851.647600942105,0.0,3851.647600942105,108.87615880646312,876.75,300.0,-0.36452880646312735,319.6006310665469,0.0,319.6006310665469,4171.248232008652
12164-0,5,35.07,108.51743,0.0,0.0,0.0,113.51743,5.0,0.0,26.0,0.0,1,3981.0562701000003,0.0,3981.0562701000003,108.9402868089683,876.75,300.0,-0.4228568089682909,370.7397072629491,0.0,370.7397072629491,4351.795977362949
12164-0,6,31.5,108.3617,0.0,0.0,0.0,113.3617,5.0,0.0,30.75,0.0,1,3570.89355,0.0,3570.89355,108.85192720453988,787.5,300.0,-0.49022720453987745,386.0539235751535,0.0,386.0539235751535,3956.9474735751533
12164-0,7,31.5,108.268684,0.0,0.0,0.0,113.268684,5.0,0.0,35.5,0.0,1,3567.963546,0.0,3567.963546,108.9193879842942,787.5,300.0,-0.6507039842942106,512.4293876316908,0.0,512.4293876316908,4080.3929336316905
12164-0,8,30.27,108.4249,0.0,0.0,0.0,113.4249,5.0,0.0,40.25,0.0,1,3433.3717229999997,0.0,3433.3717229999997,108.91419123766634,756.75,300.0,-0.4892912376663503,370.2711441040106,0.0,370.2711441040106,3803.6428671040103
12164-0,9,30.27,108.572464,0.0,0.0,0.0,113.572464,5.0,0.0,45.0,0.0,1,3437.83848528,0.0,3437.83848528,108.89891414463844,756.75,300.0,-0.3264501446384429,247.04114695514167,0.0,247.04114695514167,3684.879632235142
12164-0,10,35.31,108.38101,0.0,0.0,0.0,108.38101,0.0,0.0,45.0,0.0,0,3826.9334631,0.0,3826.9334631,108.86160493355416,882.75,300.0,-0.4805949335541584,424.2451775949333,0.0,424.2451775949333,4251.178640694933
12164-0,11,35.31,108.29551,0.0,0.0,0.0,108.29551,0.0,0.0,45.0,0.0,0,3823.9144581,0.0,3823.9144581,108.9904648646432,882.75,300.0,-0.6949548646432078,613.4714067637916,0.0,613.4714067637916,4437.3858648637915
12164-0,12,42.4,108.38697,0.0,0.0,0.0,108.38697,0.0,0.0,45.0,0.0,0,4595.6075280000005,0.0,4595.6075280000005,108.91187991563676,1060.0,300.0,-0.5249099156367549,556.4045105749602,0.0,556.4045105749602,5152.012038574961
12164-0,13,42.4,108.40029,0.0,0.0,0.0,108.40029,0.0,0.0,45.0,0.0,0,4596.172296,0.0,4596.172296,108.91439254635924,1060.0,300.0,-0.5141025463592399,544.9486991407944,0.0,544.9486991407944,5141.120995140795
12164-0,14,41.16,108.25524,0.186,0.186,0.0,108.06924,0.0,0.0,45.0,0.0,0,4448.129918399999,0.0,4448.129918399999,108.88053540656432,1029.0,300.0,-0.6252954065643195,643.4289733546848,0.0,643.4289733546848,5091.558891754684
12164-0,15,41.16,108.10347,0.186,0.186,0.0,107.91747,0.0,0.0,45.0,0.0,0,4441.8830652,0.0,4441.8830652,108.93919825085112,1029.0,300.0,-0.835728250851119,859.9643701258015,0.0,859.9643701258015,5301.847435325801
12164-0,16,51.64,108.321724,0.454,0.454,0.0,107.86772400000001,0.0,0.0,45.0,0.0,0,5570.289267360001,0.0,5570.289267360001,108.96471971958444,1291.0,300.0,-0.6429957195844338,830.1074739835041,0.0,830.1074739835041,6400.396741343505
12164-0,17,51.64,108.48737,0.454,0.454,0.0,108.03337,0.0,0.0,45.0,0.0,0,5578.843226800001,0.0,5578.843226800001,109.21182986805891,1291.0,300.0,-0.7244598680589149,935.2776896640592,0.0,935.2776896640592,6514.1209164640595
12164-0,18,56.84,108.41484,0.637,0.637,0.0,102.77784,0.0,5.0,39.73684210526316,0.0,0,5841.8924256,0.0,5841.8924256,109.37557585003994,1421.0,300.0,-0.9607358500399386,1365.2056429067527,0.0,1365.2056429067527,7207.0980685067525
12164-0,19,56.84,108.340996,0.637,0.637,0.0,102.703996,0.0,5.0,34.473684210526315,0.0,0,5837.69513264,0.0,5837.69513264,109.28616496688193,1421.0,300.0,-0.9451689668819228,1343.0851019392123,0.0,1343.0851019392123,7180.780234579212
12164-0,20,54.51,108.70754,0.744,0.744,0.0,102.96354,0.0,5.0,29.210526315789473,0.0,0,5612.542565399999,0.0,5612.542565399999,109.32011157720702,1362.75,300.0,-0.6125715772070208,834.7819168388676,0.0,834.7819168388676,6447.324482238867
12164-0,21,54.51,108.74296,0.744,0.744,0.0,102.99896,0.0,5.0,23.94736842105263,0.0,0,5614.4733096,0.0,5614.4733096,109.31220089116376,1362.75,300.0,-0.5692408911637585,775.733024433412,0.0,775.733024433412,6390.206334033412
12164-0,22,51.65,108.44367,0.791,0.791,0.0,105.57767,0.0,2.0749999999999984,21.763157894736842,0.0,0,5453.086655499999,0.0,5453.086655499999,109.35158283619715,1291.25,300.0,-0.9079128361971556,1172.3424497395772,0.0,1172.3424497395772,6625.4291052395765
12164-0,23,51.65,108.37091,0.791,0.791,0.0,102.57991,0.0,5.0,16.5,0.0,0,5298.252351499999,0.0,5298.252351499999,109.28272780734758,1291.25,300.0,-0.9118178073475889,1177.3847437375741,0.0,1177.3847437375741,6475.637095237574
12164-0,24,46.87,108.781525,0.78,0.78,0.0,108.001525,0.0,0.0,16.5,0.0,0,5062.0314767499995,0.0,5062.0314767499995,109.25356787038704,1171.75,300.0,-0.4720428703870425,553.116233376017,0.0,553.116233376017,5615.147710126016
12164-0,25,46.87,108.81288,0.78,0.78,0.0,108.03288,0.0,0.0,16.5,0.0,0,5063.5010856,0.0,5063.5010856,109.3056919100933,1171.75,300.0,-0.4928119100932946,577.4523556518179,0.0,577.4523556518179,5640.953441251818
12164-0,26,37.61,108.744835,0.71,0.71,0.0,113.034835,5.0,0.0,21.25,0.0,1,4251.24014435,0.0,4251.24014435,109.3137218901768,940.25,300.0,-0.5688868901767989,534.8958984887352,0.0,534.8958984887352,4786.136042838735
12164-0,27,37.61,108.504875,0.71,0.71,0.0,112.794875,5.0,0.0,26.0,0.0,1,4242.21524875,0.0,4242.21524875,109.28626934916711,940.25,300.0,-0.7813943491671154,734.7060368043802,0.0,734.7060368043802,4976.92128555438
12164-0,28,36.81,108.72504,0.575,0.575,0.0,113.15004,5.0,0.0,30.75,0.0,1,4165.052972400001,0.0,4165.052972400001,109.18312473962678,920.25,300.0,-0.45808473962677,421.5524816415351,0.0,421.5524816415351,4586.605454041536
12164-0,29,36.81,108.85479,0.575,0.575,0.0,113.27978999999999,5.0,0.0,35.5,0.0,1,4169.8290699,0.0,4169.8290699,109.09452654711788,920.25,300.0,-0.23973654711788583,220.61755748523444,0.0,220.61755748523444,4390.446627385234
12164-0,30,41.79,108.70003,0.363,0.363,0.0,113.33703,5.0,0.0,40.25,0.0,1,4736.3544837,0.0,4736.3544837,109.08484881810362,1044.75,300.0,-0.38481881810362495,402.03946021376214,0.0,402.03946021376214,5138.393943913762
12164-0,31,41.79,108.52038,0.363,0.363,0.0,113.15738,5.0,0.0,45.0,0.0,1,4728.8469102,0.0,4728.8469102,109.23425714762358,1044.75,300.0,-0.7138771476235775,745.8231499797325,0.0,745.8231499797325,5474.670060179733
12164-0,32,61.1,108.62233,0.094,0.094,0.0,103.52833000000001,0.0,5.0,39.73684210526316,0.0,0,6325.580963000001,0.0,6325.580963000001,109.3018148537856,1527.5,300.0,-0.6794848537855955,1037.9131141574971,0.0,1037.9131141574971,7363.494077157498
12164-0,33,61.1,108.778694,0.094,0.094,0.0,103.68469400000001,0.0,5.0,34.473684210526315,0.0,0,6335.1348034,0.0,6335.1348034,109.18793378062384,1527.5,300.0,-0.40923978062383526,625.1137649029083,0.0,625.1137649029083,6960.248568302908
12164-0,34,72.57,108.587006,0.0,0.0,0.0,103.587006,0.0,5.0,29.210526315789473,0.0,0,7517.30902542,0.0,7517.30902542,109.2068940771441,1814.2499999999998,300.0,-0.6198880771440969,1124.6319439586775,0.0,1124.6319439586775,8641.940969378677
12164-0,35,72.57,108.478294,0.0,0.0,0.0,103.478294,0.0,5.0,23.94736842105263,0.0,0,7509.41979558,0.0,7509.41979558,109.12475267456308,1814.2499999999998,300.0,-0.6464586745630783,1172.8376503260645,0.0,1172.8376503260645,8682.257445906065
12164-0,36,54.68,108.56103,0.0,0.0,0.0,103.56103,0.0,5.0,18.684210526315788,0.0,0,5662.7171204,0.0,5662.7171204,109.07591667684083,1367.0,300.0,-0.5148866768408311,703.8500872414161,0.0,703.8500872414161,6366.567207641416
12164-0,37,54.68,108.68975,0.0,0.0,0.0,108.53975,0.0,0.15,18.526315789473685,0.0,0,5934.95353,0.0,5934.95353,109.32961782103844,1367.0,300.0,-0.6398678210384361,874.6993113595421,0.0,874.6993113595421,6809.6528413595415
12164-0,38,56.28,108.50071,0.0,0.0,0.0,103.50071,0.0,5.0,13.263157894736842,0.0,0,5825.0199588,0.0,5825.0199588,109.09081352011547,1407.0,300.0,-0.590103520115477,830.2756528024761,0.0,830.2756528024761,6655.295611602476
12164-0,39,56.28,108.3793,0.0,0.0,0.0,103.3793,0.0,5.0,8.0,0.0,0,5818.187004,0.0,5818.187004,109.289221876663,1407.0,300.0,-0.909921876663006,1280.2600804648494,0.0,1280.2600804648494,7098.4470844648495
12164-0,40,46.65,108.62058,0.0,0.0,0.0,108.62058,0.0,0.0,8.0,0.0,0,5067.150057,0.0,5067.150057,109.18511545892324,1166.25,300.0,-0.5645354589232312,658.3894789692184,0.0,658.3894789692184,5725.539535969218
12164-0,41,46.65,108.73696,0.0,0.0,0.0,112.44887135734072,3.711911357340721,0.0,11.526315789473685,0.0,1,5245.739848819944,0.0,5245.739848819944,109.104636717028,1166.25,300.0,-0.3676767170280044,428.80297123391017,0.0,428.80297123391017,5674.5428200538545
12164-0,42,43.66,108.53467,0.0,0.0,0.0,113.53467,5.0,0.0,16.276315789473685,0.0,1,4956.9236922,0.0,4956.9236922,109.01154263037766,1091.5,300.0,-0.47687263037765604,520.5064760572116,0.0,520.5064760572116,5477.430168257211
12164-0,43,43.66,108.459305,0.0,0.0,0.0,113.459305,5.0,0.0,21.026315789473685,0.0,1,4953.6332563,0.0,4953.6332563,109.07868280739883,1091.5,300.0,-0.6193778073988341,676.0508767758274,0.0,676.0508767758274,5629.684133075827
12164-0,44,37.53,108.44421,0.0,0.0,0.0,113.44421,5.0,0.0,25.776315789473685,0.0,1,4257.5612013,0.0,4257.5612013,109.03287389594765,938.25,300.0,-0.5886638959476471,552.3139003728799,0.0,552.3139003728799,4809.87510167288
12164-0,45,37.53,108.61552,0.0,0.0,0.0,113.61552,5.0,0.0,30.526315789473685,0.0,1,4263.9904656,0.0,4263.9904656,109.03683296690802,938.25,300.0,-0.4213129669080189,395.2968912014487,0.0,395.2968912014487,4659.287356801448
12164-0,46,53.83,108.483734,0.0,0.0,0.0,103.483734,0.0,5.0,25.263157894736842,0.0,0,5570.52940122,0.0,5570.52940122,109.07748986699646,1345.75,300.0,-0.5937558669964602,799.0469580104864,0.0,799.0469580104864,6369.576359230487
12164-0,47,53.83,108.33166,0.0,0.0,0.0,103.33166,0.0,5.0,20.0,0.0,0,5562.3432578,0.0,5562.3432578,108.93599967939728,1345.75,300.0,-0.6043396793972846,813.2901235488957,0.0,813.2901235488957,6375.633381348896
12165-0,0,35.72,137.62057,0.0,0.0,0.0,137.62057,0.0,0.0,20.0,0.0,0,4915.8067604,0.0,4915.8067604,139.0038443778061,893.0,300.0,-1.3832743778061172,1235.2640193808627,0.0,1235.2640193808627,6151.070779780863
12165-0,1,35.72,138.40388,0.0,0.0,0.0,138.40388,0.0,0.0,20.0,0.0,0,4943.786593599999,0.0,4943.786593599999,138.94795717589372,893.0,300.0,-0.5440771758937331,485.8609180731036,0.0,485.8609180731036,5429.647511673103
12165-0,2,35.49,138.38622,0.0,0.0,0.0,138.38622,0.0,0.0,20.0,0.0,0,4911.3269478,0.0,4911.3269478,138.9919013999618,887.25,300.0,-0.6056813999617816,537.3908221160907,0.0,537.3908221160907,5448.717769916091
12165-0,3,35.49,138.82738,0.0,0.0,0.0,138.82738,0.0,0.0,20.0,0.0,0,4926.9837162,0.0,4926.9837162,138.98415700935965,887.25,300.0,-0.15677700935964367,139.10040155434385,0.0,139.10040155434385,5066.084117754344
12165-0,4,35.07,138.13466,0.0,0.0,0.0,139.45044947368422,1.3157894736842106,0.0,21.25,0.0,1,4890.527263042106,0.0,4890.527263042106,139.0315135128118,876.75,300.0,-0.8968535128118162,786.3163173577599,0.0,786.3163173577599,5676.8435803998655
12165-0,5,35.07,138.19156,0.0,0.0,0.0,143.19156,5.0,0.0,26.0,0.0,1,5021.7280092,0.0,5021.7280092,139.05596323639864,876.75,300.0,-0.8644032363986298,757.8655375124987,0.0,757.8655375124987,5779.593546712499
12165-0,6,31.5,138.16542,0.0,0.0,0.0,143.16542,5.0,0.0,30.75,0.0,1,4509.710730000001,0.0,4509.710730000001,139.03741823974602,787.5,300.0,-0.8719982397460058,686.6986137999795,0.0,686.6986137999795,5196.40934379998
12165-0,7,31.5,138.32944,0.0,0.0,0.0,143.32944,5.0,0.0,35.5,0.0,1,4514.87736,0.0,4514.87736,139.0084732089706,787.5,300.0,-0.6790332089705942,534.7386520643429,0.0,534.7386520643429,5049.6160120643435
12165-0,8,30.27,137.62444,0.0,0.0,0.0,142.62444,5.0,0.0,40.25,0.0,1,4317.2417988,0.0,4317.2417988,139.01887324309337,756.75,300.0,-1.3944332430933741,1055.237356710911,0.0,1055.237356710911,5372.4791555109105
12165-0,9,30.27,137.77016,0.0,0.0,0.0,142.77016,5.0,0.0,45.0,0.0,1,4321.6527432,0.0,4321.6527432,138.20994048910575,756.75,300.0,-0.4397804891057433,332.8038851307712,0.0,332.8038851307712,4654.456628330771
12165-0,10,35.31,137.38936,0.0,0.0,0.0,137.38936,0.0,0.0,45.0,0.0,0,4851.218301600001,0.0,4851.218301600001,138.3654365770387,882.75,300.0,-0.9760765770386968,861.6315983809096,0.0,861.6315983809096,5712.849899980911
12165-0,11,35.31,137.93787,0.0,0.0,0.0,137.93787,0.0,0.0,45.0,0.0,0,4870.5861897,0.0,4870.5861897,138.17697490305602,882.75,300.0,-0.23910490305601684,211.06985317269886,0.0,211.06985317269886,5081.656042872699
12165-0,12,42.4,137.39206,0.0,0.0,0.0,137.39206,0.0,0.0,45.0,0.0,0,5825.423343999999,0.0,5825.423343999999,138.216216115973,1060.0,300.0,-0.8241561159730111,873.6054829313917,0.0,873.6054829313917,6699.0288269313905
12165-0,13,42.4,137.77673,0.0,0.0,0.0,137.77673,0.0,0.0,45.0,0.0,0,5841.733351999999,0.0,5841.733351999999,138.22382698259923,1060.0,300.0,-0.44709698259924835,473.92280155520325,0.0,473.92280155520325,6315.656153555203
12165-0,14,41.16,137.40532,0.186,0.186,0.0,137.21931999999998,0.0,0.0,45.0,0.0,0,5647.9472111999985,0.0,5647.9472111999985,138.23271374499518,1029.0,300.0,-0.8273937449951916,851.3881636000522,0.0,851.3881636000522,6499.335374800051
12165-0,15,41.16,138.01894,0.186,0.186,0.0,137.83293999999998,0.0,0.0,45.0,0.0,0,5673.2038103999985,0.0,5673.2038103999985,138.24612548657436,1029.0,300.0,-0.22718548657437054,233.7738656850273,0.0,233.7738656850273,5906.977676085025
12165-0,16,51.64,137.59065,0.454,0.454,0.0,137.13665,0.0,0.0,45.0,0.0,0,7081.736606,0.0,7081.736606,139.6179656509572,1291.0,300.0,-2.0273156509571777,2617.2645053857163,0.0,2617.2645053857163,9699.001111385716
12165-0,17,51.64,138.10922,0.454,0.454,0.0,137.65521999999999,0.0,0.0,45.0,0.0,0,7108.5155608,0.0,7108.5155608,140.0460731896838,1291.0,300.0,-1.9368531896838022,2500.4774678817885,0.0,2500.4774678817885,9608.993028681787
12165-0,18,56.84,138.2093,0.637,0.637,0.0,132.5723,0.0,5.0,39.73684210526316,0.0,0,7535.4095320000015,0.0,7535.4095320000015,139.9538377943323,1421.0,300.0,-1.744537794332274,2478.9882057461614,0.0,2478.9882057461614,10014.397737746163
12165-0,19,56.84,138.46117,0.637,0.637,0.0,132.82417,0.0,5.0,34.473684210526315,0.0,0,7549.725822800001,0.0,7549.725822800001,140.07423191260114,1421.0,300.0,-1.6130619126011254,2292.1609778061993,0.0,2292.1609778061993,9841.8868006062
12165-0,20,54.51,138.47493,0.744,0.744,0.0,132.73093,0.0,5.0,29.210526315789473,0.0,0,7235.1629943,0.0,7235.1629943,139.02891721328044,1362.75,300.0,-0.5539872132804362,754.9460748979144,0.0,754.9460748979144,7990.109069197914
12165-0,21,54.51,138.19945,0.744,0.744,0.0,132.45545,0.0,5.0,23.94736842105263,0.0,0,7220.1465795,0.0,7220.1465795,138.1964990755319,1362.75,300.0,0.002950924468109406,0.0,0.8852773404328218,0.8852773404328218,7221.031856840433
12165-0,22,51.65,138.17429,0.791,0.791,0.0,135.30829000000003,0.0,2.0749999999999984,21.763157894736842,0.0,0,6988.673178500001,0.0,6988.673178500001,138.22304067474116,1291.25,300.0,-0.04875067474114303,62.94930875950094,0.0,62.94930875950094,7051.622487259502
12165-0,23,51.65,138.11218,0.791,0.791,0.0,132.32118,0.0,5.0,16.5,0.0,0,6834.3889469999995,0.0,6834.3889469999995,138.1791706306597,1291.25,300.0,-0.066990630659717,86.50165183935957,0.0,86.50165183935957,6920.890598839359
12165-0,24,46.87,137.5064,0.78,0.78,0.0,136.7264,0.0,0.0,16.5,0.0,0,6408.366368,0.0,6408.366368,138.26351327543586,1171.75,300.0,-0.7571132754358416,887.1474804919474,0.0,887.1474804919474,7295.513848491947
12165-0,25,46.87,137.2836,0.78,0.78,0.0,136.5036,0.0,0.0,16.5,0.0,0,6397.923732,0.0,6397.923732,138.2238863265885,1171.75,300.0,-0.940286326588506,1101.780503180082,0.0,1101.780503180082,7499.704235180082
12165-0,26,37.61,137.1076,0.71,0.71,0.0,141.39759999999998,5.0,0.0,21.25,0.0,1,5317.963736,0.0,5317.963736,138.27331986966576,940.25,300.0,-1.1657198696657645,1096.0681074532351,0.0,1096.0681074532351,6414.031843453235
12165-0,27,37.61,137.8073,0.71,0.71,0.0,142.0973,5.0,0.0,26.0,0.0,1,5344.279452999999,0.0,5344.279452999999,138.26886907046912,940.25,300.0,-0.46156907046912465,433.99031850859444,0.0,433.99031850859444,5778.269771508593
12165-0,28,36.81,137.36977,0.575,0.575,0.0,141.79477,5.0,0.0,30.75,0.0,1,5219.465483700001,0.0,5219.465483700001,138.25792010444542,920.25,300.0,-0.8881501044454296,817.3201336159066,0.0,817.3201336159066,6036.785617315907
12165-0,29,36.81,137.81392,0.575,0.575,0.0,142.23892,5.0,0.0,35.5,0.0,1,5235.814645200001,0.0,5235.814645200001,138.2524752934282,920.25,300.0,-0.43855529342820887,403.5805087773092,0.0,403.5805087773092,5639.39515397731
12165-0,30,41.79,137.36655,0.363,0.363,0.0,142.00355,5.0,0.0,40.25,0.0,1,5934.3283544999995,0.0,5934.3283544999995,138.24050264358928,1044.75,300.0,-0.8739526435892913,913.062024389912,0.0,913.062024389912,6847.3903788899115
12165-0,31,41.79,137.8529,0.363,0.363,0.0,142.4899,5.0,0.0,45.0,0.0,1,5954.652921,0.0,5954.652921,138.1844670817037,1044.75,300.0,-0.331567081703696,346.4047086099364,0.0,346.4047086099364,6301.057629609936
12165-0,32,61.1,137.09596,0.094,0.094,0.0,132.00196,0.0,5.0,39.73684210526316,0.0,0,8065.319756,0.0,8065.319756,138.1715152560415,1527.5,300.0,-1.075555256041497,1642.9106536033867,0.0,1642.9106536033867,9708.230409603386
12165-0,33,61.1,137.19487,0.094,0.094,0.0,132.10087000000001,0.0,5.0,34.473684210526315,0.0,0,8071.363157000001,0.0,8071.363157000001,138.22163125499557,1527.5,300.0,-1.026761254995563,1568.3778170057224,0.0,1568.3778170057224,9639.740974005723
12165-0,34,72.57,136.82242,0.0,0.0,0.0,131.82242,0.0,5.0,29.210526315789473,0.0,0,9566.3530194,0.0,9566.3530194,138.26109500787234,1814.2499999999998,300.0,-1.438675007872348,2610.116133032407,0.0,2610.116133032407,12176.469152432406
12165-0,35,72.57,137.2168,0.0,0.0,0.0,132.2168,0.0,5.0,23.94736842105263,0.0,0,9594.973176,0.0,9594.973176,138.2381585560124,1814.2499999999998,300.0,-1.0213585560123875,1852.9997602454737,0.0,1852.9997602454737,11447.972936245473
12165-0,36,54.68,137.15924,0.0,0.0,0.0,132.15924,0.0,5.0,18.684210526315788,0.0,0,7226.467243200001,0.0,7226.467243200001,138.19624686357744,1367.0,300.0,-1.0370068635774317,1417.588382510349,0.0,1417.588382510349,8644.055625710349
12165-0,37,54.68,137.44136,0.0,0.0,0.0,137.29136,0.0,0.15,18.526315789473685,0.0,0,7507.0915648,0.0,7507.0915648,138.23928609180885,1367.0,300.0,-0.7979260918088471,1090.764967502694,0.0,1090.764967502694,8597.856532302694
12165-0,38,56.28,137.16751,0.0,0.0,0.0,132.16751,0.0,5.0,13.263157894736842,0.0,0,7438.387462799999,0.0,7438.387462799999,138.2587805922901,1407.0,300.0,-1.0912705922901011,1535.4177233521723,0.0,1535.4177233521723,8973.80518615217
12165-0,39,56.28,137.53305,0.0,0.0,0.0,132.53305,0.0,5.0,8.0,0.0,0,7458.960054,0.0,7458.960054,138.1935318760675,1407.0,300.0,-0.6604818760675073,929.2979996269828,0.0,929.2979996269828,8388.258053626983
12165-0,40,46.65,137.2497,0.0,0.0,0.0,137.2497,0.0,0.0,8.0,0.0,0,6402.698504999999,0.0,6402.698504999999,138.18280545000363,1166.25,300.0,-0.9331054500036373,1088.234231066742,0.0,1088.234231066742,7490.932736066741
12165-0,41,46.65,137.51186,0.0,0.0,0.0,141.22377135734072,3.711911357340721,0.0,11.526315789473685,0.0,1,6588.088933819945,0.0,6588.088933819945,138.13914310988466,1166.25,300.0,-0.6272831098846439,731.5689269029659,0.0,731.5689269029659,7319.657860722911
12165-0,42,43.66,137.30408,0.0,0.0,0.0,142.30408,5.0,0.0,16.276315789473685,0.0,1,6212.996132799999,0.0,6212.996132799999,138.25295004534252,1091.5,300.0,-0.9488700453425167,1035.691654491357,0.0,1035.691654491357,7248.687787291356
12165-0,43,43.66,137.61,0.0,0.0,0.0,142.61,5.0,0.0,21.026315789473685,0.0,1,6226.3526,0.0,6226.3526,138.2144061242997,1091.5,300.0,-0.6044061242996861,659.7092846731074,0.0,659.7092846731074,6886.061884673108
12165-0,44,37.53,137.36781,0.0,0.0,0.0,142.36781,5.0,0.0,25.776315789473685,0.0,1,5343.0639093,0.0,5343.0639093,138.2397905157178,938.25,300.0,-0.8719805157178087,818.135718872234,0.0,818.135718872234,6161.199628172234
12165-0,45,37.53,137.80615,0.0,0.0,0.0,142.80615,5.0,0.0,30.526315789473685,0.0,1,5359.5148095,0.0,5359.5148095,138.27956582453837,938.25,300.0,-0.47341582453836395,444.18239737311995,0.0,444.18239737311995,5803.69720687312
12165-0,46,53.83,137.81648,0.0,0.0,0.0,132.81648,0.0,5.0,25.263157894736842,0.0,0,7149.511118400001,0.0,7149.511118400001,138.276554117082,1345.75,300.0,-0.4600741170819731,619.1447430630653,0.0,619.1447430630653,7768.655861463066
12165-0,47,53.83,138.41022,0.0,0.0,0.0,133.41022,0.0,5.0,20.0,0.0,0,7181.472142600001,0.0,7181.472142600001,138.27124283004068,1345.75,300.0,0.1389771699593325,0.0,41.693150987799754,41.693150987799754,7223.1652935878
12166-0,0,35.72,97.08747,0.0,0.0,0.0,97.08747,0.0,0.0,20.0,0.0,0,3467.9644283999996,0.0,3467.9644283999996,96.31442614724806,893.0,300.0,0.7730438527519397,0.0,231.9131558255819,231.9131558255819,3699.8775842255814
12166-0,1,35.72,96.67367,0.0,0.0,0.0,96.67367,0.0,0.0,20.0,0.0,0,3453.1834924,0.0,3453.1834924,96.20275331676052,893.0,300.0,0.47091668323948,0.0,141.275004971844,141.275004971844,3594.458497371844
12166-0,2,35.49,96.65306,0.0,0.0,0.0,96.65306,0.0,0.0,20.0,0.0,0,3430.2170994000003,0.0,3430.2170994000003,96.18184665416504,887.25,300.0,0.4712133458349541,0.0,141.36400375048623,141.36400375048623,3571.5811031504863
12166-0,3,35.49,96.62404,0.0,0.0,0.0,96.62404,0.0,0.0,20.0,0.0,0,3429.1871796,0.0,3429.1871796,96.14378718849504,887.25,300.0,0.480252811504954,0.0,144.0758434514862,144.0758434514862,3573.263023051486
12166-0,4,35.07,96.14935,0.0,0.0,0.0,97.4651394736842,1.3157894736842106,0.0,21.25,0.0,1,3418.102441342105,0.0,3418.102441342105,96.1947337077838,876.75,300.0,-0.045383707783798855,39.790165799445646,0.0,39.790165799445646,3457.892607141551
12166-0,5,35.07,96.095436,0.0,0.0,0.0,101.095436,5.0,0.0,26.0,0.0,1,3545.4169405200005,0.0,3545.4169405200005,96.1565664758118,876.75,300.0,-0.06113047581179387,53.59614466799027,0.0,53.59614466799027,3599.013085187991
12166-0,6,31.5,95.68862,0.0,0.0,0.0,100.68862,5.0,0.0,30.75,0.0,1,3171.69153,0.0,3171.69153,95.48398800426352,787.5,300.0,0.20463199573647728,0.0,61.389598720943184,61.389598720943184,3233.081128720943
12166-0,7,31.5,95.40608,0.0,0.0,0.0,100.40608,5.0,0.0,35.5,0.0,1,3162.79152,0.0,3162.79152,94.95271809626335,787.5,300.0,0.4533619037366492,0.0,136.00857112099476,136.00857112099476,3298.800091120995
12166-0,8,30.27,95.43235,0.0,0.0,0.0,100.43235,5.0,0.0,40.25,0.0,1,3040.0872345,0.0,3040.0872345,95.23745462729978,756.75,300.0,0.19489537270021629,0.0,58.468611810064886,58.468611810064886,3098.5558463100647
12166-0,9,30.27,91.79588,0.0,0.0,0.0,96.79588,5.0,0.0,45.0,0.0,1,2930.0112876,0.0,2930.0112876,91.73546291520196,756.75,300.0,0.06041708479803276,0.0,18.12512543940983,18.12512543940983,2948.1364130394095
12166-0,10,35.31,95.75089,0.0,0.0,0.0,95.75089,0.0,0.0,45.0,0.0,0,3380.9639259,0.0,3380.9639259,95.73912472433996,882.75,300.0,0.011765275660039265,0.0,3.5295826980117795,3.5295826980117795,3384.493508598012
12166-0,11,35.31,95.96372,0.0,0.0,0.0,95.96372,0.0,0.0,45.0,0.0,0,3388.4789532,0.0,3388.4789532,95.9773960181474,882.75,300.0,-0.013676018147407376,12.072505019623861,0.0,12.072505019623861,3400.551458219624
12166-0,12,42.4,96.73665,0.0,0.0,0.0,96.73665,0.0,0.0,45.0,0.0,0,4101.63396,0.0,4101.63396,96.83194687121308,1060.0,300.0,-0.09529687121307973,101.01468348586451,0.0,101.01468348586451,4202.648643485864
12166-0,13,42.4,96.89449,0.0,0.0,0.0,96.89449,0.0,0.0,45.0,0.0,0,4108.326376,0.0,4108.326376,96.99992759451582,1060.0,300.0,-0.10543759451581991,111.7638501867691,0.0,111.7638501867691,4220.090226186769
12166-0,14,41.16,96.98513,0.186,0.186,0.0,96.79912999999999,0.0,0.0,45.0,0.0,0,3984.2521907999994,0.0,3984.2521907999994,96.93137026536893,1029.0,300.0,0.053759734631071865,0.0,16.12792038932156,16.12792038932156,4000.380111189321
12166-0,15,41.16,97.08693,0.186,0.186,0.0,96.90092999999999,0.0,0.0,45.0,0.0,0,3988.4422787999993,0.0,3988.4422787999993,96.96224531090296,1029.0,300.0,0.12468468909703745,0.0,37.405406729111235,37.405406729111235,4025.8476855291105
12166-0,16,51.64,97.15076,0.454,0.454,0.0,96.69676000000001,0.0,0.0,45.0,0.0,0,4993.420686400001,0.0,4993.420686400001,96.96976201047016,1291.0,300.0,0.18099798952984258,0.0,54.299396858952775,54.299396858952775,5047.720083258953
12166-0,17,51.64,97.26893,0.454,0.454,0.0,96.81493,0.0,0.0,45.0,0.0,0,4999.5229852,0.0,4999.5229852,97.1466514147414,1291.0,300.0,0.12227858525859858,0.0,36.683575577579575,36.683575577579575,5036.206560777579
12166-0,18,56.84,97.120964,0.637,0.637,0.0,91.483964,0.0,5.0,39.73684210526316,0.0,0,5199.94851376,0.0,5199.94851376,96.95152256385012,1421.0,300.0,0.1694414361498815,0.0,50.83243084496445,50.83243084496445,5250.780944604965
12166-0,19,56.84,97.04989,0.637,0.637,0.0,91.41289,0.0,5.0,34.473684210526315,0.0,0,5195.908667600001,0.0,5195.908667600001,96.94194034349388,1421.0,300.0,0.10794965650612198,0.0,32.384896951836595,32.384896951836595,5228.293564551837
12166-0,20,54.51,97.17261,0.744,0.744,0.0,91.42861,0.0,5.0,29.210526315789473,0.0,0,4983.773531100001,0.0,4983.773531100001,97.06115681512412,1362.75,300.0,0.1114531848758844,0.0,33.43595546276532,33.43595546276532,5017.209486562766
12166-0,21,54.51,97.31434,0.744,0.744,0.0,91.57034,0.0,5.0,23.94736842105263,0.0,0,4991.4992334,0.0,4991.4992334,97.1951193090833,1362.75,300.0,0.11922069091670551,0.0,35.76620727501165,35.76620727501165,5027.265440675012
12166-0,22,51.65,97.52383,0.791,0.791,0.0,94.65783,0.0,2.0749999999999984,21.763157894736842,0.0,0,4889.0769195,0.0,4889.0769195,97.41401062957412,1291.25,300.0,0.10981937042588186,0.0,32.94581112776456,32.94581112776456,4922.022730627765
12166-0,23,51.65,97.64751,0.791,0.791,0.0,91.85651,0.0,5.0,16.5,0.0,0,4744.3887415,0.0,4744.3887415,97.53872318260832,1291.25,300.0,0.10878681739167462,0.0,32.636045217502385,32.636045217502385,4777.024786717502
12166-0,24,46.87,97.66475,0.78,0.78,0.0,96.88475,0.0,0.0,16.5,0.0,0,4540.9882325,0.0,4540.9882325,97.540609092894,1171.75,300.0,0.12414090710599623,0.0,37.24227213179887,37.24227213179887,4578.230504631799
12166-0,25,46.87,97.572235,0.78,0.78,0.0,96.792235,0.0,0.0,16.5,0.0,0,4536.65205445,0.0,4536.65205445,97.39700151490234,1171.75,300.0,0.1752334850976638,0.0,52.570045529299136,52.570045529299136,4589.222099979299
12166-0,26,37.61,97.56368,0.71,0.71,0.0,101.85368000000001,5.0,0.0,21.25,0.0,1,3830.7169048000005,0.0,3830.7169048000005,97.42754428100513,940.25,300.0,0.13613571899487908,0.0,40.840715698463725,40.840715698463725,3871.557620498464
12166-0,27,37.61,97.308586,0.71,0.71,0.0,101.59858600000001,5.0,0.0,26.0,0.0,1,3821.1228194600003,0.0,3821.1228194600003,97.14197256112791,940.25,300.0,0.16661343887209057,0.0,49.98403166162717,49.98403166162717,3871.1068511216276
12166-0,28,36.81,97.62066,0.575,0.575,0.0,102.04566,5.0,0.0,30.75,0.0,1,3756.3007446,0.0,3756.3007446,97.5134070821544,920.25,300.0,0.10725291784559943,0.0,32.17587535367983,32.17587535367983,3788.47661995368
12166-0,29,36.81,97.433304,0.575,0.575,0.0,101.858304,5.0,0.0,35.5,0.0,1,3749.4041702400004,0.0,3749.4041702400004,97.42431129194397,920.25,300.0,0.008992708056041465,0.0,2.6978124168124396,2.6978124168124396,3752.1019826568127
12166-0,30,41.79,97.3608,0.363,0.363,0.0,101.9978,5.0,0.0,40.25,0.0,1,4262.488061999999,0.0,4262.488061999999,97.3663869045982,1044.75,300.0,-0.005586904598203546,5.836918578973155,0.0,5.836918578973155,4268.324980578973
12166-0,31,41.79,97.30289,0.363,0.363,0.0,101.93989,5.0,0.0,45.0,0.0,1,4260.0680031,0.0,4260.0680031,97.4365607282757,1044.75,300.0,-0.13367072827568904,139.65249336602614,0.0,139.65249336602614,4399.720496466026
12166-0,32,61.1,97.5215,0.094,0.094,0.0,92.42750000000001,0.0,5.0,39.73684210526316,0.0,0,5647.320250000001,0.0,5647.320250000001,97.47400951823413,1527.5,300.0,0.04749048176587678,0.0,14.247144529763034,14.247144529763034,5661.567394529764
12166-0,33,61.1,97.694786,0.094,0.094,0.0,92.600786,0.0,5.0,34.473684210526315,0.0,0,5657.9080246,0.0,5657.9080246,97.63196797544724,1527.5,300.0,0.06281802455275454,0.0,18.84540736582636,18.84540736582636,5676.753431965827
12166-0,34,72.57,97.60863,0.0,0.0,0.0,92.60863,0.0,5.0,29.210526315789473,0.0,0,6720.6082791,0.0,6720.6082791,97.6170692841904,1814.2499999999998,300.0,-0.008439284190401963,15.31097134243676,0.0,15.31097134243676,6735.919250442436
12166-0,35,72.57,97.518776,0.0,0.0,0.0,92.518776,0.0,5.0,23.94736842105263,0.0,0,6714.0875743199995,0.0,6714.0875743199995,97.5617761907194,1814.2499999999998,300.0,-0.04300019071939687,78.01309601266576,0.0,78.01309601266576,6792.100670332666
12166-0,36,54.68,97.58236,0.0,0.0,0.0,92.58236,0.0,5.0,18.684210526315788,0.0,0,5062.403444799999,0.0,5062.403444799999,97.55419662747605,1367.0,300.0,0.028163372523948738,0.0,8.449011757184621,8.449011757184621,5070.852456557184
12166-0,37,54.68,97.609116,0.0,0.0,0.0,97.459116,0.0,0.15,18.526315789473685,0.0,0,5329.06446288,0.0,5329.06446288,97.5565585055957,1367.0,300.0,0.052557494404297245,0.0,15.767248321289173,15.767248321289173,5344.831711201289
12166-0,38,56.28,97.63083,0.0,0.0,0.0,92.63083,0.0,5.0,13.263157894736842,0.0,0,5213.2631124,0.0,5213.2631124,97.54827846138907,1407.0,300.0,0.08255153861092879,0.0,24.765461583278636,24.765461583278636,5238.028573983279
12166-0,39,56.28,97.65979,0.0,0.0,0.0,92.65979,0.0,5.0,8.0,0.0,0,5214.892981200001,0.0,5214.892981200001,97.53918118939198,1407.0,300.0,0.12060881060801876,0.0,36.18264318240563,36.18264318240563,5251.075624382406
12166-0,40,46.65,97.65727,0.0,0.0,0.0,97.65727,0.0,0.0,8.0,0.0,0,4555.7116455,0.0,4555.7116455,97.60160481984786,1166.25,300.0,0.05566518015213262,0.0,16.699554045639786,16.699554045639786,4572.41119954564
12166-0,41,46.65,97.6362,0.0,0.0,0.0,101.34811135734073,3.711911357340721,0.0,11.526315789473685,0.0,1,4727.889394819945,0.0,4727.889394819945,97.5469852657646,1166.25,300.0,0.08921473423539794,0.0,26.764420270619382,26.764420270619382,4754.653815090564
12166-0,42,43.66,97.64708,0.0,0.0,0.0,102.64708,5.0,0.0,16.276315789473685,0.0,1,4481.5715128,0.0,4481.5715128,97.62203551460937,1091.5,300.0,0.025044485390637305,0.0,7.513345617191192,7.513345617191192,4489.084858417192
12166-0,43,43.66,97.6092,0.0,0.0,0.0,102.6092,5.0,0.0,21.026315789473685,0.0,1,4479.917672,0.0,4479.917672,97.57015502070291,1091.5,300.0,0.03904497929708839,0.0,11.713493789126517,11.713493789126517,4491.6311657891265
12166-0,44,37.53,97.733665,0.0,0.0,0.0,102.733665,5.0,0.0,25.776315789473685,0.0,1,3855.59444745,0.0,3855.59444745,97.57953068898028,938.25,300.0,0.15413431101971753,0.0,46.24029330591526,46.24029330591526,3901.8347407559154
12166-0,45,37.53,97.61785,0.0,0.0,0.0,102.61785,5.0,0.0,30.526315789473685,0.0,1,3851.2479105,0.0,3851.2479105,97.42706831317112,938.25,300.0,0.19078168682888474,0.0,57.23450604866542,57.23450604866542,3908.4824165486657
12166-0,46,53.83,97.628044,0.0,0.0,0.0,92.628044,0.0,5.0,25.263157894736842,0.0,0,4986.16760852,0.0,4986.16760852,97.52979654058944,1345.75,300.0,0.09824745941055824,0.0,29.47423782316747,29.47423782316747,5015.641846343167
12166-0,47,53.83,97.47333,0.0,0.0,0.0,92.47333,0.0,5.0,20.0,0.0,0,4977.8393539,0.0,4977.8393539,97.35781050306096,1345.75,300.0,0.11551949693904362,0.0,34.655849081713086,34.655849081713086,5012.495202981713
12167-0,0,35.72,247.26103,0.0,0.0,0.0,247.26103,0.0,0.0,20.0,0.0,0,8832.1639916,0.0,8832.1639916,247.80940984811895,893.0,300.0,-0.548379848118941,489.70320437021434,0.0,489.70320437021434,9321.867195970215
12167-0,1,35.72,246.48633,0.0,0.0,0.0,246.48633,0.0,0.0,20.0,0.0,0,8804.4917076,0.0,8804.4917076,246.8894700294242,893.0,300.0,-0.40314002942417915,360.004046275792,0.0,360.004046275792,9164.495753875792
12167-0,2,35.49,246.74066,0.0,0.0,0.0,246.74066,0.0,0.0,20.0,0.0,0,8756.8260234,0.0,8756.8260234,247.37706354737608,887.25,300.0,-0.6364035473760907,564.6490474094365,0.0,564.6490474094365,9321.475070809438
12167-0,3,35.49,246.34238,0.0,0.0,0.0,246.34238,0.0,0.0,20.0,0.0,0,8742.691066200001,0.0,8742.691066200001,247.01675068249023,887.25,300.0,-0.6743706824902347,598.3353880394607,0.0,598.3353880394607,9341.026454239462
12167-0,4,35.07,247.2468,0.0,0.0,0.0,248.56258947368423,1.3157894736842106,0.0,21.25,0.0,1,8717.090012842105,0.0,8717.090012842105,246.6092356830069,876.75,300.0,0.6375643169931209,0.0,191.26929509793626,191.26929509793626,8908.359307940042
12167-0,5,35.07,247.61812,0.0,0.0,0.0,252.61812,5.0,0.0,26.0,0.0,1,8859.3174684,0.0,8859.3174684,247.0740374981078,876.75,300.0,0.5440825018922055,0.0,163.22475056766166,163.22475056766166,9022.542218967663
12167-0,6,31.5,246.71124,0.0,0.0,0.0,251.71124,5.0,0.0,30.75,0.0,1,7928.90406,0.0,7928.90406,246.38023410613727,787.5,300.0,0.3310058938627378,0.0,99.30176815882135,99.30176815882135,8028.2058281588215
12167-0,7,31.5,246.1735,0.0,0.0,0.0,251.1735,5.0,0.0,35.5,0.0,1,7911.965249999999,0.0,7911.965249999999,246.04910692324023,787.5,300.0,0.12439307675975897,0.0,37.31792302792769,37.31792302792769,7949.283173027927
12167-0,8,30.27,245.44865,0.0,0.0,0.0,250.44865,5.0,0.0,40.25,0.0,1,7581.0806354999995,0.0,7581.0806354999995,245.805423475287,756.75,300.0,-0.35677347528701375,269.9883274234477,0.0,269.9883274234477,7851.0689629234475
12167-0,9,30.27,245.48781,0.0,0.0,0.0,250.48781,5.0,0.0,45.0,0.0,1,7582.2660086999995,0.0,7582.2660086999995,245.8635520299303,756.75,300.0,-0.3757420299303078,284.3427811497604,0.0,284.3427811497604,7866.60878984976
12167-0,10,35.31,238.64156,0.0,0.0,0.0,238.64156,0.0,0.0,45.0,0.0,0,8426.4334836,0.0,8426.4334836,238.70070904119527,882.75,300.0,-0.05914904119526909,52.21381611512379,0.0,52.21381611512379,8478.647299715123
12167-0,11,35.31,247.00398,0.0,0.0,0.0,247.00398,0.0,0.0,45.0,0.0,0,8721.7105338,0.0,8721.7105338,246.9301648738612,882.75,300.0,0.07381512613881114,0.0,22.14453784164334,22.14453784164334,8743.855071641643
12167-0,12,42.4,247.31772,0.0,0.0,0.0,247.31772,0.0,0.0,45.0,0.0,0,10486.271328,0.0,10486.271328,247.06513448918164,1060.0,300.0,0.25258551081836345,0.0,75.77565324550903,75.77565324550903,10562.04698124551
12167-0,13,42.4,248.08931,0.0,0.0,0.0,248.08931,0.0,0.0,45.0,0.0,0,10518.986744,0.0,10518.986744,247.38376508500411,1060.0,300.0,0.7055449149958974,0.0,211.66347449876923,211.66347449876923,10730.65021849877
12167-0,14,41.16,248.66441,0.186,0.186,0.0,248.47841,0.0,0.0,45.0,0.0,0,10227.371355599998,0.0,10227.371355599998,247.9982183865092,1029.0,300.0,0.6661916134908097,0.0,199.8574840472429,199.8574840472429,10427.228839647241
12167-0,15,41.16,248.58157,0.186,0.186,0.0,248.39557,0.0,0.0,45.0,0.0,0,10223.961661199999,0.0,10223.961661199999,248.27147601138623,1029.0,300.0,0.31009398861377235,0.0,93.0281965841317,93.0281965841317,10316.98985778413
12167-0,16,51.64,248.67972,0.454,0.454,0.0,248.22572,0.0,0.0,45.0,0.0,0,12818.3761808,0.0,12818.3761808,248.40942408787475,1291.0,300.0,0.27029591212524906,0.0,81.08877363757472,81.08877363757472,12899.464954437575
12167-0,17,51.64,248.72758,0.454,0.454,0.0,248.27357999999998,0.0,0.0,45.0,0.0,0,12820.8476712,0.0,12820.8476712,248.66801602895703,1291.0,300.0,0.059563971042962294,0.0,17.869191312888688,17.869191312888688,12838.716862512887
12167-0,18,56.84,248.70088,0.637,0.637,0.0,243.06388,0.0,5.0,39.73684210526316,0.0,0,13815.750939200001,0.0,13815.750939200001,248.4620004024059,1421.0,300.0,0.2388795975941207,0.0,71.66387927823621,71.66387927823621,13887.414818478237
12167-0,19,56.84,248.45938,0.637,0.637,0.0,242.82238,0.0,5.0,34.473684210526315,0.0,0,13802.024079200002,0.0,13802.024079200002,248.41703211368437,1421.0,300.0,0.042347886315639016,0.0,12.704365894691705,12.704365894691705,13814.728445094694
12167-0,20,54.51,248.60687,0.744,0.744,0.0,242.86287,0.0,5.0,29.210526315789473,0.0,0,13238.455043699998,0.0,13238.455043699998,248.12028673253124,1362.75,300.0,0.48658326746874536,0.0,145.9749802406236,145.9749802406236,13384.430023940622
12167-0,21,54.51,248.83604,0.744,0.744,0.0,243.09204,0.0,5.0,23.94736842105263,0.0,0,13250.947100399999,0.0,13250.947100399999,248.35136028238725,1362.75,300.0,0.4846797176127495,0.0,145.40391528382486,145.40391528382486,13396.351015683824
12167-0,22,51.65,248.76643,0.791,0.791,0.0,245.90043000000003,0.0,2.0749999999999984,21.763157894736842,0.0,0,12700.757209500001,0.0,12700.757209500001,248.07705048372804,1291.25,300.0,0.6893795162719698,0.0,206.81385488159094,206.81385488159094,12907.571064381593
12167-0,23,51.65,249.13272,0.791,0.791,0.0,243.34172,0.0,5.0,16.5,0.0,0,12568.599838,0.0,12568.599838,248.33698596979377,1291.25,300.0,0.7957340302062335,0.0,238.72020906187004,238.72020906187004,12807.32004706187
12167-0,24,46.87,249.354,0.78,0.78,0.0,248.574,0.0,0.0,16.5,0.0,0,11650.66338,0.0,11650.66338,248.86885172304207,1171.75,300.0,0.4851482769579434,0.0,145.544483087383,145.544483087383,11796.207863087384
12167-0,25,46.87,248.77863,0.78,0.78,0.0,247.99863,0.0,0.0,16.5,0.0,0,11623.6957881,0.0,11623.6957881,248.3486246305536,1171.75,300.0,0.43000536944640544,0.0,129.00161083392163,129.00161083392163,11752.697398933922
12167-0,26,37.61,248.80037,0.71,0.71,0.0,253.09036999999998,5.0,0.0,21.25,0.0,1,9518.728815699998,0.0,9518.728815699998,248.259254608224,940.25,300.0,0.5411153917759748,0.0,162.33461753279244,162.33461753279244,9681.06343323279
12167-0,27,37.61,248.83362,0.71,0.71,0.0,253.12362,5.0,0.0,26.0,0.0,1,9519.979348199999,0.0,9519.979348199999,248.1709853215434,940.25,300.0,0.662634678456584,0.0,198.7904035369752,198.7904035369752,9718.769751736974
12167-0,28,36.81,249.11243,0.575,0.575,0.0,253.53743,5.0,0.0,30.75,0.0,1,9332.712798300001,0.0,9332.712798300001,248.5423379174977,920.25,300.0,0.570092082502299,0.0,171.0276247506897,171.0276247506897,9503.74042305069
12167-0,29,36.81,249.19179,0.575,0.575,0.0,253.61679,5.0,0.0,35.5,0.0,1,9335.6340399,0.0,9335.6340399,248.5942181786037,920.25,300.0,0.5975718213962864,0.0,179.27154641888592,179.27154641888592,9514.905586318886
12167-0,30,41.79,249.028,0.363,0.363,0.0,253.665,5.0,0.0,40.25,0.0,1,10600.66035,0.0,10600.66035,248.30741179287,1044.75,300.0,0.7205882071299925,0.0,216.17646213899775,216.17646213899775,10816.836812138998
12167-0,31,41.79,249.08647,0.363,0.363,0.0,253.72347,5.0,0.0,45.0,0.0,1,10603.1038113,0.0,10603.1038113,248.4136165957145,1044.75,300.0,0.6728534042854903,0.0,201.8560212856471,201.8560212856471,10804.959832585646
12167-0,32,61.1,248.52223,0.094,0.094,0.0,243.42823,0.0,5.0,39.73684210526316,0.0,0,14873.464853000001,0.0,14873.464853000001,247.94083444715795,1527.5,300.0,0.5813955528420536,0.0,174.41866585261607,174.41866585261607,15047.883518852617
12167-0,33,61.1,248.94682,0.094,0.094,0.0,243.85282,0.0,5.0,34.473684210526315,0.0,0,14899.407302000001,0.0,14899.407302000001,248.59983516787167,1527.5,300.0,0.346984832128328,0.0,104.0954496384984,104.0954496384984,15003.5027516385
12167-0,34,72.57,249.27611,0.0,0.0,0.0,244.27611,0.0,5.0,29.210526315789473,0.0,0,17727.117302699997,0.0,17727.117302699997,248.6203930248466,1814.2499999999998,300.0,0.655716975153382,0.0,196.7150925460146,196.7150925460146,17923.832395246012
12167-0,35,72.57,249.10902,0.0,0.0,0.0,244.10902,0.0,5.0,23.94736842105263,0.0,0,17714.991581399998,0.0,17714.991581399998,248.5841173102948,1814.2499999999998,300.0,0.5249026897051863,0.0,157.47080691155588,157.47080691155588,17872.462388311553
12167-0,36,54.68,248.95786,0.0,0.0,0.0,243.95786,0.0,5.0,18.684210526315788,0.0,0,13339.6157848,0.0,13339.6157848,248.41492776612,1367.0,300.0,0.5429322338800091,0.0,162.87967016400273,162.87967016400273,13502.495454964002
12167-0,37,54.68,248.84915,0.0,0.0,0.0,248.69915,0.0,0.15,18.526315789473685,0.0,0,13598.869522,0.0,13598.869522,248.47231170547127,1367.0,300.0,0.3768382945287385,0.0,113.05148835862155,113.05148835862155,13711.921010358623
12167-0,38,56.28,248.80382,0.0,0.0,0.0,243.80382,0.0,5.0,13.263157894736842,0.0,0,13721.2789896,0.0,13721.2789896,248.3676123204997,1407.0,300.0,0.43620767950031336,0.0,130.862303850094,130.862303850094,13852.141293450093
12167-0,39,56.28,249.16656,0.0,0.0,0.0,244.16656,0.0,5.0,8.0,0.0,0,13741.6939968,0.0,13741.6939968,248.829678483767,1407.0,300.0,0.33688151623300655,0.0,101.06445486990197,101.06445486990197,13842.758451669903
12167-0,40,46.65,249.38245,0.0,0.0,0.0,249.38245,0.0,0.0,8.0,0.0,0,11633.6912925,0.0,11633.6912925,249.03689196970092,1166.25,300.0,0.34555803029908816,0.0,103.66740908972645,103.66740908972645,11737.358701589726
12167-0,41,46.65,249.24763,0.0,0.0,0.0,252.9595413573407,3.711911357340721,0.0,11.526315789473685,0.0,1,11800.562604319943,0.0,11800.562604319943,249.08682975613215,1166.25,300.0,0.16080024386783975,0.0,48.240073160351926,48.240073160351926,11848.802677480295
12167-0,42,43.66,249.26929,0.0,0.0,0.0,254.26929,5.0,0.0,16.276315789473685,0.0,1,11101.3972014,0.0,11101.3972014,248.73187488389095,1091.5,300.0,0.5374151161090595,0.0,161.22453483271784,161.22453483271784,11262.621736232717
12167-0,43,43.66,248.85143,0.0,0.0,0.0,253.85143,5.0,0.0,21.026315789473685,0.0,1,11083.153433799998,0.0,11083.153433799998,248.42855746342147,1091.5,300.0,0.42287253657852375,0.0,126.86176097355712,126.86176097355712,11210.015194773556
12167-0,44,37.53,248.78136,0.0,0.0,0.0,253.78136,5.0,0.0,25.776315789473685,0.0,1,9524.414440800001,0.0,9524.414440800001,247.9908693573229,938.25,300.0,0.7904906426770992,0.0,237.14719280312977,237.14719280312977,9761.56163360313
12167-0,45,37.53,248.88748,0.0,0.0,0.0,253.88748,5.0,0.0,30.526315789473685,0.0,1,9528.3971244,0.0,9528.3971244,248.0613488134401,938.25,300.0,0.8261311865599055,0.0,247.83935596797164,247.83935596797164,9776.236480367972
12167-0,46,53.83,249.33452,0.0,0.0,0.0,244.33452,0.0,5.0,25.263157894736842,0.0,0,13152.5272116,0.0,13152.5272116,248.1799207050475,1345.75,300.0,1.1545992949525044,0.0,346.3797884857513,346.3797884857513,13498.90700008575
12167-0,47,53.83,248.92262,0.0,0.0,0.0,243.92262,0.0,5.0,20.0,0.0,0,13130.354634599998,0.0,13130.354634599998,248.23515173496756,1345.75,300.0,0.687468265032436,0.0,206.2404795097308,206.2404795097308,13336.595114109728
